SERIES,SYMBOL,SECURITY,RECORD_DT,BC_STRT_DT,BC_END_DT,EX_DT,ND_STRT_DT,ND_END_DT,PURPOSE
18,SAMMAANCAP,Sec Re NCD 8.70% Sr.VIII,13/11/2024, , ,13/11/2024, , ,INTEREST PAYMENT         
19,SAMMAANCAP,Sec Re NCD 9.15% Sr.VIII,13/11/2024, , ,13/11/2024, , ,INTEREST PAYMENT         
BE,GLOBAL,Global Education Limited, ,11/11/2024,19/11/2024,08/11/2024, , ,EGM                      
BE,HMT,HMT Ltd, ,16/11/2024,22/11/2024,14/11/2024, , ,ANNUAL GENERAL MEETING   
BE,IRCTC,Indian Rail Tour Corp Ltd,14/11/2024, , ,14/11/2024, , ,INTDIV - RS 4 PER SH     
BE,POWERGRID,Power Grid Corporation of,14/11/2024, , ,14/11/2024, , ,INTDIV - RS 4.50 PER SH  
BE,KPIGREEN,KPI Global Infra Ltd,14/11/2024, , ,14/11/2024, , ,INTDIV - RE 0.20 PER SH  
BE,DIACABS,Diamond Power Infra Ltd, ,09/11/2024,15/11/2024,08/11/2024, , ,EGM                      
BE,RGL,Renaissance Global Ltd, ,09/11/2024,16/11/2024,08/11/2024, , ,EGM                      
BE,EMAMILTD,Emami Limited,18/11/2024, , ,18/11/2024, , ,INTDIV - RS 4 PER SH     
BE,PAGEIND,Page Industries Limited,16/11/2024, , ,14/11/2024, , ,INTDIV - RS 250 PER SH   
BE,DLINKINDIA,D-Link India Ltd,12/11/2024, , ,12/11/2024, , ,INTDIV - RS 5 PER SH     
BE,IRFC,Indian Railway Fin Corp L,12/11/2024, , ,12/11/2024, , ,INTDIV - RE 0.80 PER SH  
BE,IGL,Indraprastha Gas Limited,12/11/2024, , ,12/11/2024, , ,INTDIV - RS 5.50 PER SH  
BE,VIDHIING,Vidhi Spl Food Ingred Ltd,20/11/2024, , ,19/11/2024, , ,INTDIV - RE 1 PER SH     
BE,BCG,Lycos Internet Limited, ,14/11/2024,21/11/2024,13/11/2024, , ,ANNUAL GENERAL MEETING   
BE,AKZOINDIA,Akzo Nobel India Limited,15/11/2024, , ,14/11/2024, , ,INTDIV - RS 70 PER SH    
BE,SHRADHA,Shradha Infraprojects Ltd, ,11/11/2024,19/11/2024,08/11/2024, , ,EGM                      
BE,OIL,Oil India Ltd,15/11/2024, , ,14/11/2024, , ,INTDIV - RS 3 PER SH     
BE,PGHH,P&G HYGIENE & HEALTH CARE, ,20/11/2024,26/11/2024,19/11/2024, , ,AGM/DIV - RS 95 PER SH   
BE,JTLIND,JTL Infra Ltd,15/11/2024, , ,14/11/2024, , ,FVSPLT FRM RS 2 TO RE 1  
BE,ARE&M,Amara Raja Batt Ltd-Depo,14/11/2024, , ,14/11/2024, , ,INTDIV - RS 5.30 PER SH  
BE,IMFA,Indian Metals & Ferro,15/11/2024, , ,14/11/2024, , ,INTDIV - RS 10 PER SH    
BZ,HMT,HMT Ltd, ,16/11/2024,22/11/2024,14/11/2024, , ,ANNUAL GENERAL MEETING   
BZ,BCG,Lycos Internet Limited, ,14/11/2024,21/11/2024,13/11/2024, , ,ANNUAL GENERAL MEETING   
EQ,PGHH,P&G Hygiene & Healthcare, ,20/11/2024,26/11/2024,19/11/2024, , ,AGM/DIV - RS 95 PER SH   
EQ,JTLIND,JTL Infra Ltd,15/11/2024, , ,14/11/2024, , ,FVSPLT FRM RS 2 TO RE 1  
EQ,HMT,HMT Ltd, ,16/11/2024,22/11/2024,14/11/2024, , ,ANNUAL GENERAL MEETING   
EQ,GLOBAL,Global Education Limited, ,11/11/2024,19/11/2024,08/11/2024, , ,EGM                      
EQ,IRCTC,Indian Rail Tour Corp Ltd,14/11/2024, , ,14/11/2024, , ,INTDIV - RS 4 PER SH     
EQ,POWERGRID,Power Grid Corporation of,14/11/2024, , ,14/11/2024, , ,INTDIV - RS 4.50 PER SH  
EQ,KPIGREEN,KPI Global Infra Ltd,14/11/2024, , ,14/11/2024, , ,INTDIV - RE 0.20 PER SH  
EQ,DIACABS,Diamond Power Infra Ltd, ,09/11/2024,15/11/2024,08/11/2024, , ,EGM                      
EQ,EMAMILTD,Emami Limited,18/11/2024, , ,18/11/2024, , ,INTDIV - RS 4 PER SH     
EQ,RGL,Renaissance Global Ltd, ,09/11/2024,16/11/2024,08/11/2024, , ,EGM                      
EQ,PAGEIND,Page Industries Limited,16/11/2024, , ,14/11/2024, , ,INTDIV - RS 250 PER SH   
EQ,DLINKINDIA,D-Link India Ltd,12/11/2024, , ,12/11/2024, , ,INTDIV - RS 5 PER SH     
EQ,IRFC,Indian Railway Fin Corp L,12/11/2024, , ,12/11/2024, , ,INTDIV - RE 0.80 PER SH  
EQ,IGL,Indraprastha Gas Limited,12/11/2024, , ,12/11/2024, , ,INTDIV - RS 5.50 PER SH  
EQ,VIDHIING,Vidhi Spl Food Ingred Ltd,20/11/2024, , ,19/11/2024, , ,INTDIV - RE 1 PER SH     
EQ,BCG,Lycos Internet Limited, ,14/11/2024,21/11/2024,13/11/2024, , ,ANNUAL GENERAL MEETING   
EQ,AKZOINDIA,Akzo Nobel India Limited,15/11/2024, , ,14/11/2024, , ,INTDIV - RS 70 PER SH    
EQ,SHRADHA,Shradha Infraprojects Ltd, ,11/11/2024,19/11/2024,08/11/2024, , ,EGM                      
EQ,IMFA,Indian Metals & Ferro,15/11/2024, , ,14/11/2024, , ,INTDIV - RS 10 PER SH    
EQ,ARE&M,Amara Raja Batt Ltd,14/11/2024, , ,14/11/2024, , ,INTDIV - RS 5.30 PER SH  
EQ,OIL,Oil India Ltd,15/11/2024, , ,14/11/2024, , ,INTDIV - RS 3 PER SH     
GB,SGBNOV24,2.50% GOLDBONDS2024 TR-VI,13/11/2024, , , , , ,REDEMPTION               
GS,915GS2024,GOI LOAN 9.15% 2024,12/11/2024, , , , , ,REDEMPTION               
GS,679GS2027,GOI LOAN 6.79% 2027,14/11/2024, , ,14/11/2024, , ,INTEREST PAYMENT         
IV,PGINVIT,POWERGRID Infra. INVITs,12/11/2024, , ,12/11/2024, , ,DIV/DISTRIB RS 3 PR UT   
IV,HIGHWAYS,HIGHWAYS INFRA TRUST,13/11/2024, , ,13/11/2024, , ,DIV/DISTRIB - RS 3.1210  
IV,SEITINVIT,Sustainable Energy Infra,14/11/2024, , ,14/11/2024, , ,DISTRIBUTION RS. 2.10184 
M3,IBULHSG,Sec Re NCD 9.25% Sr II,12/11/2024, , ,12/11/2024, , ,INTEREST PAYMENT         
MD,IBULHSG,Sec Re NCD 9.25% Sr VIII,12/11/2024, , ,12/11/2024, , ,INTEREST PAYMENT         
MG,IBULHSG,Sec Re NCD 9.71% Sr VIII,12/11/2024, , ,12/11/2024, , ,INTEREST PAYMENT         
MM,IBULHSG,Sec Re NCD 10.25% Sr XII,12/11/2024, , ,12/11/2024, , ,INTEREST PAYMENT         
MO,SAMMAANCAP,Sec Re NCD 8.20% Sr.VI,13/11/2024, , ,13/11/2024, , ,INTEREST PAYMENT         
MP,SAMMAANCAP,Sec Re NCD 8.66% Sr.VI,13/11/2024, , ,13/11/2024, , ,INTEREST PAYMENT         
MS,SAMMAANCAP,Sec Re NCD 8.43% Sr.VIII,13/11/2024, , ,13/11/2024, , ,INTEREST PAYMENT         
MT,SAMMAANCAP,Sec Re NCD 8.89% Sr.VIII,13/11/2024, , ,13/11/2024, , ,INTEREST PAYMENT         
N5,IIHFL,Unsec Re NCD 9.60% Sr.II,14/11/2024, , ,14/11/2024, , ,INTEREST PAYMENT         
N5,ERFLNCDI,Sec Red NCD 8.88% Sr. V,18/11/2024, , ,18/11/2024, , ,INTEREST PAYMENT         
N8,UGROCAP,Sec Re NCD 10.25% Sr I,12/11/2024, , ,12/11/2024, , ,INTEREST PAYMENT         
N8,SAMMAANCAP,Sec Red NCD 8.65% Sr. V,14/11/2024, , ,14/11/2024, , ,INTEREST PAYMENT         
N9,IIHFL,Sec Re NCD 8.20% Sr.III,14/11/2024, , ,14/11/2024, , ,INTEREST PAYMENT         
NC,SAMMAANCAP,Uns Red NCD 8.79% Sr.VIII,14/11/2024, , ,14/11/2024, , ,INTEREST PAYMENT         
NC,IIHFL,Sec Re NCD 8.43% Sr.VI,14/11/2024, , ,14/11/2024, , ,INTEREST PAYMENT         
NH,IFCI,9.90 % SRNCD Sr VI,14/11/2024, , , , , ,INT PAYMENT/REDEMPTION   
NI,IFCI,SRNCD Sr VII,14/11/2024, , , , , ,INT PAYMENT/REDEMPTION   
SM,IPSL,Integrated Perso Ser Ltd, ,15/11/2024,25/11/2024,14/11/2024, , ,EGM                      
SQ,IPSL,Integrated Perso Ser Ltd, ,15/11/2024,25/11/2024,14/11/2024, , ,EGM                      
ST,IPSL,Integrated Perso Ser Ltd, ,15/11/2024,25/11/2024,14/11/2024, , ,EGM                      
U5,IIHFL,Unsec Re NCD 9.60% Sr.II,14/11/2024, , ,14/11/2024, , ,INTEREST PAYMENT         
U5,ERFLNCDI,Sec Red NCD 8.88% Sr. V,18/11/2024, , ,18/11/2024, , ,INTEREST PAYMENT         
U8,SAMMAANCAP,Sec Red NCD 8.65% Sr. V,14/11/2024, , ,14/11/2024, , ,INTEREST PAYMENT         
U8,UGROCAP,Sec Re NCD 10.25% Sr I,12/11/2024, , ,12/11/2024, , ,INTEREST PAYMENT         
U9,IIHFL,Sec Re NCD 8.20% Sr.III,14/11/2024, , ,14/11/2024, , ,INTEREST PAYMENT         
UC,SAMMAANCAP,Uns Red NCD 8.79% Sr.VIII,14/11/2024, , ,14/11/2024, , ,INTEREST PAYMENT         
UC,IIHFL,Sec Re NCD 8.43% Sr.VI,14/11/2024, , ,14/11/2024, , ,INTEREST PAYMENT         
UH,IFCI,9.90 % SRNCD Sr VI,14/11/2024, , , , , ,INT PAYMENT/REDEMPTION   
UI,IFCI,SRNCD Sr VII,14/11/2024, , , , , ,INT PAYMENT/REDEMPTION   
Y3,IBULHSG,Sec Re NCD 9.25% Sr II,12/11/2024, , ,12/11/2024, , ,INTEREST PAYMENT         
YD,IBULHSG,Sec Re NCD 9.25% Sr VIII,12/11/2024, , ,12/11/2024, , ,INTEREST PAYMENT         
YG,IBULHSG,Sec Re NCD 9.71% Sr VIII,12/11/2024, , ,12/11/2024, , ,INTEREST PAYMENT         
YM,IBULHSG,Sec Re NCD 10.25% Sr XII,12/11/2024, , ,12/11/2024, , ,INTEREST PAYMENT         
YO,SAMMAANCAP,Sec Re NCD 8.20% Sr.VI,13/11/2024, , ,13/11/2024, , ,INTEREST PAYMENT         
YP,SAMMAANCAP,Sec Re NCD 8.66% Sr.VI,13/11/2024, , ,13/11/2024, , ,INTEREST PAYMENT         
YS,SAMMAANCAP,Sec Re NCD 8.43% Sr.VIII,13/11/2024, , ,13/11/2024, , ,INTEREST PAYMENT         
YT,SAMMAANCAP,Sec Re NCD 8.89% Sr.VIII,13/11/2024, , ,13/11/2024, , ,INTEREST PAYMENT         
Z4,SAMMAANCAP,Sec Red NCD Sr. II,13/11/2024, , ,13/11/2024, , ,INTEREST PAYMENT         
Z5,SAMMAANCAP,Sec Red NCD 8.75% Sr. III,13/11/2024, , ,13/11/2024, , ,INTEREST PAYMENT         
Z8,SAMMAANCAP,Sec Red NCD 8.65% Sr. V,13/11/2024, , ,13/11/2024, , ,INTEREST PAYMENT         
Z9,SAMMAANCAP,Sec Red NCD 8.85% Sr. VI,13/11/2024, , ,13/11/2024, , ,INTEREST PAYMENT         

