SYMBOL,SERIES,SECURITY,HIGH/LOW,INDEX FLAG
63MOONS,EQ,63 MOONS TECHNOLOGIES LTD,H
AIMTRON,ST,AIMTRON ELECTRONICS LTD,H
AMBICAAGAR,EQ,AMBICA AGAR & AROMAINDLTD,H
AMEYA,ST,AMEYA PRECISION ENG LTD,H
ARSHIYA,BE,ARSHIYA LIMITED,H
AURIONPRO,EQ,AURIONPRO SOLN LTD,H
AURUMPP1,X1,AURUM RS. 3.12 PPD UP,H
AUSOMENT,EQ,AUSOM ENTERPRISE LIMITED,H
CCCL,BE,CONS. CONST. CONSORT LTD,H
DANISH,ST,DANISH POWER LIMITED,H
DCMNVL,EQ,DCM NOUVELLE LIMITED,H
DHTL,ST,DOCMODE HEALTH TECH LTD,H
ELECTHERM,EQ,ELECTROTHERM (I) LTD.,H
ENERGYDEV,EQ,ENERGY DEVE. CO.LTD,H
EQUIPPP,BE,EQUIPPP SOC IMP TECH LTD,H
EUROTEXIND,BE,EUROTEX IND & EXPORTS LTD,H
EXCEL,EQ,EXCEL REALTY N INFRA LTD,H
FEL,BZ,FUTURE ENTERPRISES LTD,H
GAYAHWS,EQ,GAYATRI HIGHWAYS LIMITED,H
GOENKA,BZ,GOENKA DIAMOND&JEWELS LTD,H
GVT&D,BE,GE VERNOVA T&D INDIA LTD,H
HMAAGRO,EQ,HMA AGRO INDUSTRIES LTD,H
JALAN,SM,JALAN TRANSOLU. INDIA LTD,H
JFLLIFE,SM,JFL LIFE SCIENCES LIMITED,H
KBCGLOBAL,EQ,KBC GLOBAL LIMITED,H
KCEIL,SM,KAY CEE ENERGY & INFRA L,H
KCK,ST,KCK INDUSTRIES LTD,H
KERNEX,EQ,KERNEX MICROSYS(I) LTD,H
KKVAPOW,SM,KKV AGRO POWERS LTD.,H
KPIGREEN,EQ,KPI GREEN ENERGY LIMITED,H
KRITI,BE,KRITI INDUSTRIES IND LTD,H
LFIC,BE,LAKSHMI FIN IND CORP LTD,H
LGHL,BE,LAXMI GOLDORNA HOUSE LTD,H
MACPOWER,EQ,MACPOWER CNC MACHINES LTD,H
MAHKTECH,EQ,MIRAEAMC - MAHKTECH,H
MARINE,EQ,MARINE ELECTRICAL (I) LTD,H
MCON,SM,MCON RASAYAN INDIA LTD,H
MORARJEE,BZ,MORARJEE TEXTILES LIMITED,H
MTEDUCARE,BE,MT EDUCARE LTD,H
NAGREEKCAP,EQ,NAGREEKA CAP & INFR.LTD,H
NEULANDLAB,EQ,NEULAND LAB LTD.,H
NIRMAN,ST,NIRMAN AGRI GENTICS LTD,H
NTL,BZ,NEUEON TOWERS LIMITED,H
OBSCP,ST,OBSC PERFECTION LIMITED,H
OCCLLTD,BE,OCCL LIMITED,H
OILCOUNTUB,BE,OIL COUNTRY TUBULAR LTD.,H
ONELIFECAP,EQ,ONELIFE CAP ADVISORS LTD,H
OSIAHYPER,BE,OSIA HYPER RETAIL LIMITED,H
PFOCUS,EQ,PRIME FOCUS LIMITED,H
PKTEA,EQ,THE P K TEA PROD CO LTD,H
PRAXIS,BE,PRAXIS HOME RETAIL LTD,H
PRECOT,EQ,PRECOT LIMITED,H
RELIABLE,EQ,RELIABLE DATA SERVICE LTD,H
RELINFRA,BE,RELIANCE INFRASTRUCTU LTD,H
RTNPOWER,EQ,RATTANINDIA POWER LIMITED,H
RULKA,SM,RULKA ELECTRICALS LIMITED,H
RVHL,EQ,RAVINDER HEIGHTS LIMITED,H
SAAKSHI,SM,SAAKSHI MEDTEC N PANELS L,H
SAMPANN,EQ,SAMPANN UTPADAN INDIA LTD,H
SETUINFRA,BZ,SETUBANDHAN INFRA LTD,H
SHRADHA,BE,SHRADHA INFRAPROJECTS LTD,H
SHYAMTEL,BE,SHYAM TELECOM LIMITED,H
SIDDHIKA,SM,SIDDHIKA COATINGS LIMITED,H
SILKFLEX,ST,SILKFLEX POLYMERS INDIA L,H
SITINET,BE,SITI NETWORKS LIMITED,H
SLONE,SM,SLONE INFOSYSTEMS LIMITED,H
SOLARAPP,E1,SOLAR ACT RS.3.50 PPD UP,H
SYNCOMF,EQ,SYNCOM FORMU (I) LTD,H
TCLCONS,BE,TANTIA CONSTRUCTIONS LTD,H
TECHERA,SM,TECHERA ENGINEER (IND) L,H
TECHLABS,SM,TRIDENT TECHLABS LIMITED,H
TERASOFT,EQ,TERA SOFTWARE LIMITED,H
TIMESCAN,SM,TIMESCAN LOGISTICS IND L,H
TOTAL,EQ,TOTAL TRANSPORT SYS LTD,H
TPHQ,EQ,TEAMO PRODUCTIONS HQ LTD,H
UCL-RE,ST,USHANTI COLOUR CHEM LTD,H
UHTL,ST,UNITED HEAT TRANSFER LTD,H
VERTOZ,EQ,VERTOZ LIMITED,H
VIJIFIN,EQ,VIJI FINANCE LIMITED,H
VISASTEEL,BE,VISA STEEL LIMITED,H
WINDMACHIN,EQ,WINDSOR MACHINES LIMITED,H
YAARI,EQ,YAARI DIGI INT SER LTD,H
21STCENMGM,BE,21ST CENTURY MGMT SERVICE,L
A2ZINFRA,EQ,A2Z INFRA ENGINEERING LTD,L
AAREYDRUGS,BE,AAREY DRUGS & PHARM LTD,L
AARTISURF,BE,AARTI SURFACTANTS LIMITED,L
ABAN,EQ,ABAN OFFSHORE LTD.,L
ABMINTLLTD,BE,ABM INTERNATIONAL LTD,L
ADROITINFO,EQ,ADROIT INFOTECH LIMITED,L
AKUMS,EQ,AKUMS DRUGS AND PHARMA L,L
ARCHIDPLY,EQ,ARCHIDPLY IND. LTD,L
ARISTO,ST,ARISTO BIO T AND LIFESC L,L
ARROWGREEN,EQ,ARROW GREENTECH LIMITED,L
ASAHISONG,BE,ASAHI SONGWON COLOR LTD,L
ASHALOG,ST,ASHAPURA LOGISTICS LTD,L
ASHIMASYN,BE,ASHIMA LTD,L
AURUMPP1,X1,AURUM RS. 3.12 PPD UP,L
AWHCL,EQ,ANTONY WASTE HDG CELL LTD,L
AYMSYNTEX,BE,AYM SYNTEX LIMITED,L
BASILIC,SM,BASILIC FLY STUDIO LTD,L
BHAGERIA,BE,BHAGERIA INDUSTRIES LTD,L
BPL,EQ,BPL LTD,L
CAREERP,BE,CAREER POINT LIMITED,L
CMRSL,SM,CYBER MEDIA RES & SER LTD,L
CONTI,ST,CONTINENTAL SEED CHEM LTD,L
DCG,SM,DCG CABLES & WIRES LTD,L
DHRUV,EQ,DHRUV CONSULTANCY SER LTD,L
DIACABS,BE,DIAMOND POWER INFRA LTD,L
DNAMEDIA,BE,DILIGENT MEDIA CORP LTD.,L
DRONE,ST,DRONE DESTINATION LIMITED,L
DYNAMIC,ST,DYNAMIC SRVCS & SEC LTD,L
E2E,BE,E2E NETWORKS LIMITED,L
EIFFL,BE,EURO (I) FRESH FOODS LTD,L
ESSARSHPNG,BE,ESSAR SHIPPING LTD,L
EXCEL,EQ,EXCEL REALTY N INFRA LTD,L
FELDVR,BE,FUTURE ENTERPRISES LTD,L
GANGAFORGE,EQ,GANGA FORGING LIMITED,L
GAYAPROJ,BZ,GAYATRI PROJECTS LTD,L
GICL,SM,GLOBE INTL CARRIERS LTD,L
GODHA,EQ,GODHA CABCON INSULAT LTD,L
GOLDENTOBC,BZ,GOLDEN TOBACCO LIMITED,L
GSTL,SM,GLOBESECURE TECHNO LTD,L
GTECJAINX,BE,G-TEC JAINX EDUCATION LTD,L
GVKPIL,BE,GVK POW. & INFRA LTD.,L
HBSL,EQ,HB STOCKHOLDINGS LIMITED,L
HECPROJECT,BE,HEC INFRA PROJECTS LTD,L
HERCULES,EQ,HERCULES HOI. LTD.,L
HINDNATGLS,BE,HIND NATL GLASS & IND LTD,L
HOLMARC,ST,HOLMARC OPTO MECHATRO L,L
HRHNEXT,ST,HRH NEXT SERVICES LIMITED,L
ICDSLTD,EQ,ICDS LTD,L
IMPEXFERRO,BZ,IMPEX FERRO TECH LIMITED,L
INCREDIBLE,BE,INCREDIBLE INDUSTRIES LTD,L
ITI,EQ,ITI LTD,L
JHS,EQ,JHS SVEND. LAB. LTD,L
K2INFRA,SM,K2 INFRAGEN LIMITED,L
KAPSTON,EQ,KAPSTON SERVICES LIMITED,L
KAVVERITEL,BE,KAVVERI TEL. LTD.,L
KAYA,BE,KAYA LIMITED,L
KRITINUT,BE,KRITI NUTRIENTS LIMITED,L
KSHITIJPOL,EQ,KSHITIJ POLYLINE LIMITED,L
LIBERTSHOE,BE,LIBERTYSHOESLTD,L
LYPSAGEMS,BE,LYPSA GEMS & JEWEL LTD,L
MAANALU,BE,MAAN ALUMINIUM LIMITED,L
MANAKALUCO,EQ,MANAK ALUMINIUM CO. LTD.,L
MANAKCOAT,EQ,MAN COAT METAL & IND LTD,L
MBECL,BZ,MCNALLY BH. ENG. CO.LTD,L
MEDICO,EQ,MEDICO REMEDIES LIMITED,L
MEGASOFT,BE,MEGASOFT LTD,L
MEGATHERM,SM,MEGATHERM INDUCTION LTD,L
MIEL,ST,MANGLAM INFRA & ENG LTD,L
MODISONLTD,BE,MODISON LIMITED,L
MOKSH,BE,MOKSH ORNAMENTS LIMITED,L
MOTISONS,BE,MOTISONS JEWELLERS LTD,L
MPTODAY,SM,M P TODAY MEDIA LIMITED,L
NAMAN,ST,NAMAN IN-STORE (INDIA) L,L
NEXTMEDIA,BE,NEXT MEDIAWORKS LIMITED,L
NKIND,EQ,NK INDUSTRIES LTD,L
NPST,SM,NETWORK PEOPLE SRV TECH L,L
ORIANA,SM,ORIANA POWER LIMITED,L
PALREDTEC,BE,PALRED TECHNOLOGIES LTD,L
PANACEABIO,BE,PANACEA BIOTEC LTD.,L
PANSARI,EQ,PANSARI DEVELOPERS LTD,L
PHOGLOBAL,ST,PHOENIX OVERSEAS LIMITED,L
PILANIINVS,BE,PILANI INV & IND COR LTD,L
POCL,EQ,PONDY OXIDES & CHEM LTD,L
PODDARHOUS,BZ,PODDAR HOUSE & DVPT LTD,L
PRATHAM,ST,PRATHAM EPC PROJECTS LTD,L
PRAXIS,BE,PRAXIS HOME RETAIL LTD,L
PREMEXPLN,EQ,PREMIER EXPLOSIVES LTD,L
PURVA,EQ,PURAVANKARA LIMITED,L
RADHIKAJWE,BE,RADHIKA JEWELTECH LIMITED,L
RAJRILTD,BE,RAJ RAYON INDUSTRIES LTD,L
REGENCERAM,BE,REGENCYCERAMICS-LTD,L
RETAIL,BE,JHS SVENDGAARD RETAIL V L,L
RHFL,BE,RELIANCE HOME FINANCE LTD,L
RPOWER,BE,RELIANCE POWER LTD.,L
SAH,BE,SAH POLYMERS LIMITED,L
SANCO,BZ,SANCO INDUSTRIES LIMITED,L
SANWARIA,BZ,SANWARIA CONSUMER LIMITED,L
SCPL,BE,SHEETAL COOL PRODUCTS LTD,L
SETCO,EQ,SETCO AUTOMOTIVE LTD,L
SHUBHSHREE,ST,SHUBHSHREE BIOFUELS ENE L,L
SILINV,BE,SIL INVESTMENTS LIMITED,L
SITINET,BE,SITI NETWORKS LIMITED,L
SJLOGISTIC,ST,S J LOGISTICS (INDIA) LTD,L
SMSLIFE,BE,SMS LIFESCIENCES (I) LTD,L
SOLEX,SM,SOLEX ENERGY LIMITED,L
SOTAC,SM,SOTAC PHARMACEUTICALS LTD,L
SPECTSTM,ST,SPECTRUM TALENT MGMT LTD,L
SUMIT,BE,SUMIT WOODS LIMITED,L
SURAJEST,EQ,SURAJ ESTATE DEVELOPERS L,L
SWSOLAR,EQ,STRLNG & WIL REN ENE LTD,L
TAPIFRUIT,SM,TAPI FRUIT PROCESSING LTD,L
TARIL,BE,TRANS & RECTI. LTD,L
TFL,BE,TRANSWARRANTY FIN. LTD.,L
THEINVEST,EQ,THE INVEST TRUST OF IND L,L
VARDMNPOLY,BE,VARDHMAN POLYTEX LTD.,L
VASA,SM,VASA RETAIL & OVERSEA LTD,L
VCL,BE,VAXTEX COTFAB LIMITED,L
VERTEXPLUS,SM,VERTEXPLUS TECHNOLOGIES L,L
VIPCLOTHNG,BE,VIP CLOTHING LIMITED,L
VIPULLTD,BE,VIPUL LIMITED,L
VLEGOV,BE,VL E GOV AND IT SOL LTD,L
WEBELSOLAR,EQ,WEBSOL ENERGY SYSTEM LTD,L
WOMANCART,ST,WOMANCART LIMITED,L
XELPMOC,BE,XELPMOC DESIGN & TECH LTD,L
YUDIZ,SM,YUDIZ SOLUTIONS LIMITED,L
ZENITHSTL,BE,ZENITH STEEL PIP IND LTD,L
