GAIN_LOSS,SECURITY,CLOSE_PRIC,PREV_CL_PR,PERCENT_CG
 ,Nifty 50 Sec., , , 
 , , , , 
G,LTIMINDTREE LIMITED,      6005.05,      5974.60,.51
G,INFOSYS LIMITED,      1868.80,      1860.10,.47
G,SUN PHARMACEUTICAL IND L,      1800.85,      1794.60,.35
G,HCL TECHNOLOGIES LTD,      1872.85,      1867.30,.3
G,RELIANCE INDUSTRIES LTD,      1274.25,      1272.70,.12
G,ICICI BANK LTD.,      1270.60,      1269.30,.1
G,GRASIM INDUSTRIES LTD,      2521.20,      2519.50,.07
 , , , , 
L,BRITANNIA INDUSTRIES LTD,      5027.55,      5434.65,-7.49
L,NTPC LTD,       380.30,       392.55,-3.12
L,HDFC BANK LTD,      1718.20,      1766.30,-2.72
L,ASIAN PAINTS LIMITED,      2474.85,      2543.10,-2.68
L,STATE BANK OF INDIA,       826.70,       847.65,-2.47
L,TATA MOTORS LIMITED,       784.85,       804.70,-2.47
L,BAJAJ AUTO LIMITED,      9678.70,      9919.35,-2.43
L,SHRIRAM FINANCE LIMITED,      2931.20,      2999.45,-2.28
L,MARUTI SUZUKI INDIA LTD.,     11143.10,     11399.70,-2.25
L,JSW STEEL LIMITED,       957.25,       979.00,-2.22
L,POWER GRID CORP. LTD.,       322.70,       329.80,-2.15
L,BAJAJ FINANCE LIMITED,      6638.20,      6778.80,-2.07
L,APOLLO HOSPITALS ENTER. L,      7019.55,      7155.45,-1.9
L,DR. REDDY S LABORATORIES,      1263.90,      1287.90,-1.86
L,CIPLA LTD,      1525.15,      1552.80,-1.78
L,COAL INDIA LTD,       414.05,       421.55,-1.78
L,ADANI PORT & SEZ LTD,      1326.00,      1347.90,-1.62
L,DIVI S LABORATORIES LTD,      5810.70,      5899.95,-1.51
L,BAJAJ FINSERV LTD.,      1691.75,      1717.45,-1.5
L,KOTAK MAHINDRA BANK LTD,      1721.40,      1744.00,-1.3
L,HINDUSTAN UNILEVER LTD.,      2461.50,      2491.05,-1.19
L,ADANI ENTERPRISES LIMITED,      2870.00,      2903.65,-1.16
L,EICHER MOTORS LTD,      4738.20,      4793.45,-1.15
L,AXIS BANK LIMITED,      1158.15,      1171.00,-1.1
L,MAHINDRA & MAHINDRA LTD,      2898.55,      2930.60,-1.09
L,LARSEN & TOUBRO LTD.,      3591.35,      3628.85,-1.03
L,TECH MAHINDRA LIMITED,      1687.00,      1704.15,-1.01
L,NESTLE INDIA LIMITED,      2256.20,      2279.05,-1
L,BHARAT PETROLEUM CORP  LT,       309.80,       312.55,-0.88
L,TATA CONSUMER PRODUCT LTD,       967.55,       975.95,-0.86
 , , , , 
 ,Nifty Next 50 Sec., , , 
 , , , , 
G,ADANI ENERGY SOLUTION LTD,       924.05,       901.95,2.45
G,BERGER PAINTS (I) LTD,       496.15,       490.80,1.09
G,ZOMATO LIMITED,       260.99,       258.62,0.92
G,TRENT LTD,      6528.55,      6480.70,0.74
G,LIFE INSURA CORP OF INDIA,       921.15,       918.45,0.29
 , , , , 
L,SAMVRDHNA MTHRSN INTL LTD,       166.04,       174.82,-5.02
L,BOSCH LIMITED,     33278.50,     34990.85,-4.89
L,HINDUSTAN AERONAUTICS LTD,      4243.50,      4443.70,-4.51
L,GAIL (INDIA) LTD,       194.15,       202.93,-4.33
L,TATA POWER CO LTD,       414.15,       431.50,-4.02
L,ABB INDIA LIMITED,      6964.25,      7237.80,-3.78
L,GODREJ CONSUMER PRODUCTS,      1176.20,      1220.85,-3.66
L,ADANI POWER LTD,       557.95,       578.95,-3.63
L,SIEMENS LTD,      6799.45,      7046.05,-3.5
L,MARICO LIMITED,       595.55,       617.10,-3.49
L,BHARAT ELECTRONICS LTD,       290.15,       299.75,-3.2
L,POWER FIN CORP LTD.,       467.15,       481.85,-3.05
L,INDIAN RAIL TOUR CORP LTD,       811.65,       836.20,-2.94
L,COLGATE PALMOLIVE LTD.,      2789.30,      2872.65,-2.9
L,AVENUE SUPERMARTS LIMITED,      3777.00,      3885.70,-2.8
L,REC LIMITED,       514.50,       528.35,-2.62
L,VEDANTA LIMITED,       444.75,       456.20,-2.51
L,INTERGLOBE AVIATION LTD,      3912.90,      4011.60,-2.46
L,DABUR INDIA LTD,       510.50,       522.75,-2.34
L,HAVELLS INDIA LIMITED,      1603.40,      1641.75,-2.34
L,CANARA BANK,       101.50,       103.89,-2.3
L,JINDAL STEEL & POWER LTD,       887.00,       906.85,-2.19
L,BANK OF BARODA,       252.70,       258.35,-2.19
L,ADANI GREEN ENERGY LTD,      1524.15,      1557.40,-2.13
L,SBI CARDS & PAY SER LTD,       679.25,       692.55,-1.92
L,PIDILITE INDUSTRIES LTD,      3040.30,      3099.65,-1.91
L,ZYDUS LIFESCIENCES LTD,       949.75,       967.75,-1.86
L,CHOLAMANDALAM IN & FIN CO,      1239.75,      1262.55,-1.81
L,SRF LTD,      2253.05,      2294.20,-1.79
L,INFO EDGE (I) LTD,      7821.30,      7951.50,-1.64
 , , , , 
 ,OTHER SECURITIES, , , 
 , , , , 
G,THE STATE TRADING CORPN,       168.41,       145.34,15.87
G,SAHASRA ELECTRONIC SOLU L,       978.20,       861.30,13.57
G,UNSEC RED NCD 10.5% SR.VI,      1098.00,       968.00,13.43
G,DEE DEVELOPMENT ENG LTD,       292.65,       259.40,12.82
G,KIOCL LIMITED,       402.15,       358.45,12.19
G,NEULAND LAB LTD.,     15329.50,     13800.65,11.08
G,MACOBS TECHNOLOGIES LTD,       173.20,       156.55,10.64
G,NALWA SONS INVESTMENT LTD,      8169.90,      7389.10,10.57
G,MITCON CON RS.2.50 PPD UP,        73.91,        67.17,10.03
G,WINDSOR MACHINES LIMITED,       252.17,       229.25,10
G,TERA SOFTWARE LIMITED,       141.05,       128.23,10
G,ELECTROTHERM (I) LTD.,      1210.45,      1100.45,10
G,HMA AGRO INDUSTRIES LTD,        45.33,        41.22,9.97
G,USHANTI COLOUR CHEM LTD,         9.40,         8.55,9.94
G,SASKEN TECHNOLOGIES LTD,      1946.45,      1772.75,9.8
G,IDEAL TECHNOPLAST IND LTD,        99.30,        90.50,9.72
G,HLE GLASCOAT LIMITED,       397.85,       364.20,9.24
G,REPRO INDIA LIMITED,       562.80,       516.05,9.06
G,UNO MINDA LIMITED,      1002.60,       921.85,8.76
G,ORIENT TECHNOLOGIES LTD,       422.25,       389.30,8.46
G,MAGNUM VENTURES LTD.,        54.58,        50.34,8.42
G,PRITISH NANDY COMMUNICATI,        69.12,        63.79,8.36
G,TUNWAL E-MOTORS LIMITED,        46.00,        42.50,8.24
G,PLADA INFOTECH SERVICES L,        29.60,        27.35,8.23
G,DOLLEX AGROTECH LIMITED,        42.70,        39.50,8.1
G,PNB GILTS LIMITED,       121.10,       112.52,7.63
G,SEC RE NCD SR II,      1074.80,      1000.00,7.48
G,NAMO EWASTE MANAGEMENT L,       232.50,       216.70,7.29
G,VINSYS IT SERVICES IND LT,       396.50,       369.60,7.28
G,YASONS CHEMEX CARE LTD,        22.90,        21.55,6.26
 , , , , 
L,BASF INDIA LTD,      6702.75,      7865.90,-14.79
L,COASTAL CORPORATION LTD,       237.98,       275.49,-13.62
L,JITF INFRALOGISTICS LTD,       794.00,       913.80,-13.11
L,ADROITINFO RS. 5 PPD UP,         7.18,         8.26,-13.08
L,SHIVA TEXYARN LIMITED,       234.01,       269.19,-13.07
L,PREMIER ROADLINES LIMITED,       107.95,       124.15,-13.05
L,GLOBUS SPIRITS LTD,       937.10,      1067.60,-12.22
L,MARSHALL MACHINES LTD,        24.80,        28.12,-11.81
L,VISHNU CHEMICALS LIMITED,       434.25,       491.90,-11.72
L,ELECTRONICS MART IND LTD,       163.38,       182.90,-10.67
L,PRIME SECURITIES LIMITED,       308.85,       344.75,-10.41
L,HB STOCKHOLDINGS LIMITED,       105.45,       117.17,-10
L,ADROIT INFOTECH LIMITED,        25.56,        28.40,-10
L,AKUMS DRUGS AND PHARMA L,       644.95,       716.60,-10
L,ANTONY WASTE HDG CELL LTD,       641.90,       713.20,-10
L,ITI LTD,       295.03,       327.35,-9.87
L,HERCULES HOI. LTD.,       252.31,       279.48,-9.72
L,GKW LIMITED,      2978.15,      3294.00,-9.59
L,RATEGAIN TRAVEL TECHN LTD,       755.10,       834.70,-9.54
L,LAGNAM SPINTEX LIMITED,       102.62,       113.41,-9.51
L,APRAMEYA ENGINEERING LTD,        64.40,        70.40,-8.52
L,JAINAM FER ALLOYS (I) LTD,       144.60,       158.00,-8.48
L,BAJAJ CONSUMER CARE LTD,       204.52,       223.11,-8.33
L,INDRAPRASTHA MEDICAL CORP,       432.70,       471.45,-8.22
L,PANAMA PETROCHEM LTD,       340.15,       370.55,-8.2
L,CREST VENTURES LIMITED,       454.50,       494.85,-8.15
L,SHANTHALA FMCG PRODUCTS L,        54.50,        59.20,-7.94
L,MEDICO REMEDIES LIMITED,        56.24,        60.93,-7.7
L,CYBER MEDIA (INDIA) LTD.,        27.15,        29.40,-7.65
L,SEC RE NCD SR 6,      1000.20,      1083.00,-7.65
