SECURITY,NEW,PREVIOUS,NEW_STATUS
MAHSCOOTER - DEP SETT,11243.1,11150,H
FORTIS HEALTHCARE LTD,658.85,643.9,H
RADAAN MEDIAWORKS (I) LTD,4.14,4.06,H
HEC INFRA PROJECTS LTD,144.82,138.42,H
INFOLLION RESEARCH SER L,480,470.85,H
SEC RED NCD SR.VIII,1759,1505,H
MACOBS TECHNOLOGIES LTD,178,167,H
TEMBO GLOBAL IND LTD,716.1,521.2,H
TAC INFOSEC LIMITED,809.05,793.2,H
SEC RE NCD 9.65% SR I,1015.78,1010,H
SPECTRUM TALENT MGMT LTD,210,207,H
GOI TBILL 364D-02/05/25,96.76,96.65,H
GOI TBILL 182D-27/02/25,97.95,97.91,H
NEULAND LAB LTD.,16560.75,16524.95,H
INDUSTRIAL INV TRUST LTD,405,399.65,H
EDELAMC - EBBETF0431,1316.65,1295,H
EMKAY GLOBAL FIN SERV LTD,319.9,313.65,H
TIRUPATI FORGE LIMITED,54.28,53.22,H
SHRADHA INFRAPROJECTS LTD,205.74,195.95,H
SEC RE NCD 9.90% SR VII,1021.85,1021.55,H
RELIABLE DATA SERVICE LTD,90.23,86.99,H
SAHASRA ELECTRONIC SOLU L,1013,982,H
SLONE INFOSYSTEMS LIMITED,219.1,208.7,H
NALWA SONS INVESTMENT LTD,8780,8474.95,H
TERA SOFTWARE LIMITED,141.05,132.85,H
TARAPUR TRANSFORMERS LTD,31.93,31.31,H
USHANTI COLOUR CHEM LTD,9.4,8.55,H
ADITYA VISION LIMITED,470,451,H
SEC RE NCD 9% SR.IV,1052.2,1051.5,H
A B INFRABUILD LIMITED,96.6,94.75,H
ECLERX SERVICES LTD,3443,3430,H
MIRAEAMC - MAFANG,119,113.5,H
DE NEERS TOOLS LIMITED,322,299.8,H
SHRE PUSH CHEM & FERT LTD,295.2,283.9,H
SUPER SPINNING MILLS LTD,12.29,12.2,H
E FACTOR EXPERIENCES LTD,281.5,158.75,H
GOI TBILL 364D-27/02/25,97.93,97.5,H
JEENA SIKHO LIFECARE LTD,1879.3,1876.3,H
PANSARI DEVELOPERS LTD,204,201.15,H
SIL INVESTMENTS LIMITED,769.65,736.9,H
NILA SPACES LIMITED,13.2,12.95,H
RAGHAV PRODUCTIVITY ENH L,1779,1649,H
SEC RE NCD 9.65% SR IV,1015.99,1015.1,H
SEC RE NCD 8.5% SR.I,1060,1057.36,H
SERENCD 8.60% SR.IV OP8,1073,1070.99,H
TECHERA ENGINEER (IND) L,236.1,224.9,H
7.51 NCD 16FEB28 TR1 SR2,1110,1108,H
KRISHNA DEF AND ALD IND L,712.75,701.1,H
SASKEN TECHNOLOGIES LTD,2055.25,1955.2,H
ELECTROTHERM (I) LTD.,1210.45,1100.85,H
COFORGE LIMITED,8159.95,8079.95,H
VASA DENTICITY LIMITED,762,730,H
ZERODHAAMC - LIQUIDCASE,108.45,108.4,H
AARVEE DEN. & EXP. LTD,61.95,60.74,H
R M DRIP & SPRINK SYS LTD,332.8,326.4,H
AVP INFRACON LIMITED,177.6,174.15,H
UTSSAV CZ GOLD JEWELS LTD,237.15,232.5,H
JSW HOLDINGS LIMITED,18450,16978.3,H
DIGICONTENT LIMITED,47.36,46.44,H
PANACHE DIGILIFE LIMITED,211.6,199.8,H
PIX TRANSMISSIONS LIMITED,2219.95,2019.6,H
ALL E TECHNOLOGIES LTD,561,560,H
AMEYA PRECISION ENG LTD,113.05,110.9,H
EURO (I) FRESH FOODS LTD,230,226,H
PRANIK LOGISTICS LIMITED,98.9,85.55,H
NEUEON TOWERS LIMITED,3.58,3.46,H
GE VERNOVA T&D INDIA LTD,1866,1810,H
GOI TBILL 364D-23/10/25,94.38,93.52,H
2.50%GOLDBONDS2025SR-VIII,8250,8236,H
TV VISION LIMITED,21.28,20.87,H
BLUE CHIP INDIA LIMITED,9.8,9.61,H
SRI ADHIKARI BRO TELE N L,1554.7,1524.25,H
ORIENT TECHNOLOGIES LTD,449.65,414,H
S J LOGISTICS (INDIA) LTD,725,716.75,H
SEC RE NCD 10.5% SR IV,1030,1025,H
SEC RE NCD SR II,1074.8,1015,H
ESSEN SPECIALITY FILMS L,729.3,715,H
SADHAV SHIPPING LIMITED,141,145.15,L
BRAINBEES SOLUTIONS LTD,518.35,520,L
AKUMS DRUGS AND PHARMA L,644.95,716.6,L
ICICIPRAMC - OILIETF,11.09,11.12,L
DIGIDRIVE DISTRIBUTORS L,40.6,41.06,L
IND SWIFT LABORATORIES LT,108.78,111,L
AURUM PROPTECH LIMITED,229.32,230,L
ABHISHEK INTEGRATIONS LTD,68.15,69.4,L
SATHLOKHAR SYN E&C GLOB L,365.95,373.4,L
VILAS TRANSCORE LIMITED,522.25,532.9,L
CEIGALL INDIA LIMITED,310,317.1,L
PULZ ELECTRONICS LIMITED,83.35,85.05,L
MIRAEAMC - EVINDIA,30.5,30.65,L
SEJAL GLASS LIMITED,601,613.25,L
SEMAC CONSULTANTS LIMITED,380,383.05,L
SHANKAR LAL RAMPAL LTD,62,62.75,L
ZENITH EXPORTS LTD,280.5,286.2,L
GACM TECHNOLOGIES LIMITED,0.78,0.8,L
KALANA ISPAT LIMITED,36.25,37.05,L
LASA SUPERGENERICS LTD,26.82,26.84,L
HINDUSTAN MOTORS LIMITED,23.64,24.13,L
NECTAR LIFESCIENCES LTD.,35.28,36,L
MCNALLY BH. ENG. CO.LTD,3.23,3.4,L
SALASAR TECHNO ENGG. LTD.,14.36,16.2,L
PODDAR HOUSE & DVPT LTD,66.5,67.16,L
POPULAR VEHICLES N SER L,162,166.05,L
RACHANA INFRA LTD,49.3,50.3,L
MOTISONS JEWELLERS LTD,29.3,30.65,L
GROWWAMC - GROWWGOLD,74.6,75.65,L
ARVIND AND COMPANY,99.8,101.8,L
KONTOR SPACE LIMITED,141.8,144.7,L
LAKSHYA POWERTECH LIMITED,302.35,310,L
TVS ELECTRONICS LTD,368.3,375.8,L
FELIX INDUSTRIES LTD.,202.3,206.4,L
ISHAN INTERNATIONAL LTD,2.6,2.65,L
PENTAGON RUBBER LIMITED,88.1,90,L
RADHIKA JEWELTECH LIMITED,103.98,105.71,L
VELS FILM INTERNATIONAL L,41.25,42.05,L
WONDER ELECTRICALS LTD,151.65,183,L
MIRAEAMC - MULTICAP,15.54,15.55,L
AION-TECH SOLUTIONS LTD,77.28,78.86,L
INNOMET ADVANCED MATERI L,173,175.05,L
DEEPAK BUILDERS & ENG I L,150,152.7,L
NANDAN DENIM LIMITED,5.58,5.7,L
G-TEC JAINX EDUCATION LTD,39.99,40.37,L
ASHAPURA LOGISTICS LTD,89.1,93.5,L
DAVANGERE SUGAR COMPANY L,5.62,5.83,L
SHRENIK LIMITED,0.76,0.78,L
REFRACTORY SHAPES LIMITED,123,124.5,L
SEC RED NCD 9.70% SR. V,1028,1048,L
HINDWARE HME INOVATON LTD,37.05,39.5,L
USHA FINANCIAL SERVICES L,125.8,132,L
NEPHRO CARE INDIA LIMITED,240,244.9,L
GAJANAND INTERNATIONAL L,23.15,23.6,L
TRANSTEEL SEATING TECH L,53,55.05,L
HINDWARE HME INOVATON LTD,259.95,270.05,L
AVANTEL LIMITED,155.05,162.37,L
SECUR CREDENTIALS LIMITED,3.49,3.57,L
KRITI INDUSTRIES IND LTD,171.15,175,L
TRUCAP FINANCE LIMITED,21.98,22.43,L
ATMASTCO LIMITED,192.65,196.55,L
MORARJEE TEXTILES LIMITED,9.52,9.55,L
ROTO PUMPS LIMITED,257,270.05,L
BODHI TREE MULTIMEDIA LTD,9.4,10.11,L
LMW LIMITED,15511.65,15560.75,L
SEC RE NCD 9.00% SR I,990.25,994.21,L
EDELAMC - EMULTIMQ,45.44,45.7,L
SP REFRACTORIES LIMITED,176.4,176.65,L
TEERTH GOPICON LIMITED,482,491.8,L
ESCONET TECHNOLOGIES LTD,473.4,483.05,L
KORE DIGITAL LIMITED,2158.3,2202.35,L
SWARAJ SUITING LIMITED,262.2,267.55,L
KAMDHENU VENTURES LIMITED,19.79,20.2,L
MASTER COMPONENTS LIMITED,290.9,296.8,L
SAJ HOTELS LIMITED,47,47.5,L
AVONMORE CAP&MGT SERV LTD,14.56,15.54,L
VAISHALI PHARMA LIMITED,17.02,17.12,L
GRASIM RE. 1 PPD UP,1575,1590,L
PHOENIX OVERSEAS LIMITED,29.85,30.95,L
CHAMAN METALLICS LIMITED,118.15,120.55,L
VINTAGE COFFEE N BVRGS L,115.6,117.96,L
AKSHAR SPINTEX LIMITED,0.73,0.75,L
BANNARI AM SPIN MILL LTD.,56.32,57.47,L
DIGISPICE TECHNOLOGIES LT,29.29,29.89,L
V MARC INDIA LIMITED,479.25,489,L
FRESHARA AGRO EXPORTS LTD,123,130,L
VARANIUM CLOUD LIMITED,17.15,17.5,L

