SYMBOL,SYMBOL P/E,ADJUSTED P/E
KAUSHALYA,2.78,2.78
HITECHCORP,24.9,25.74
TARIL,119.29,119.29
MANAKSIA,7.88,5.98
AMBIKCO,13.39,13.39
JKIL,15.47,15.47
HERCULES,29.02,29.02
SEPC,151.05,151.05
NMDC,11.29,10.91
RECLTD,9.35,9.35
TITAGARH,51.05,50.78
BAJAJ-AUTO,35.21,35.21
RANEENGINE,18.25,15.43
LOTUSEYE,63,63.69
UBL,106.76,106.76
ZFCVINDIA,68.58,68.58
TPHQ,19.45,19.45
HINDNATGLS,3.2,1.31
MHRIL,66.18,66.18
EXCEL,73.69,73.69
GLOBUSSPR,42.22,42.22
SUNTECK,78.63,78.63
SARDAEN,30.65,30.53
GODREJPROP,51.52,51.52
BEARDSELL,20.8,20.8
NESTLEIND,67.83,69.17
MBLINFRA,3.42,
EMMBI,23.89,23.89
KIRLOSIND,15.02,13.44
TI,38.35,36.65
BAJAJCON,20.9,20.9
ADFFOODS,41.34,41.34
DEEPAKNTR,41.42,44.54
ASHOKA,9.88,11.18
OBEROIRLTY,31.65,31.65
IOLCP,19.48,19.48
PENIND,25.23,25.23
KIRLOSENG,36.55,36.19
SURANASOL,472.17,472.17
DHUNINV,18.41,18.41
VADILALIND,19.71,19.71
VSTTILLERS,33.2,33.13
KARMAENG,110.75,145.48
ELGIRUBCO,22.03,136.46
THERMAX,89.6,104.39
RIIL,156.57,156.57
RAYMOND,18.48,18.2
SHREDIGCEM,15.98,15.98
SMLISUZU,19.9,19.9
FACT,,529.02
LMW,85.56,85.56
NELCO,106.89,106.89
LUMAXIND,42.27,42.27
KECL,85.12,296.87
KCP,9.14,8.83
INFY,28.63,28.63
IONEXCHANG,46.28,46.28
IFBIND,56.49,56.49
GNFC,17.31,17.31
GFLLIMITED,225.33,225.33
BHARATFORG,75,67.62
FORCEMOT,22.99,22.99
ARVIND,30.87,30.88
TATAMOTORS,8.93,8.9
LINDEINDIA,142.65,142.65
ESCORTS,35.92,35.92
ASHOKLEY,23.23,23.64
ZUARIIND,1.47,
SUNDARMFIN,31.34,30.05
VEDL,11.26,12.7
PFIZER,38.52,38.94
BATAINDIA,49.2,70.5
CARBORUNIV,61.83,61.83
COROMANDEL,36.35,36.35
VINDHYATEL,23.36,23.36
ABREL,100.95,100.95
CENTENKA,19.88,19.88
VTL,18.64,18.64
BALRAMCHIN,23.01,23.01
UNICHEMLAB,,3434.13
BBOX,56.01,43.44
RANEHOLDIN,10.51,44.59
ARE&M,24.32,24.32
BALKRISIND,33.02,33.02
GVT&D,115.26,115.26
BERGEPAINT,52.2,52.25
KPIL,38.86,38.86
JYOTISTRUC,106.93,106.93
JAYNECOIND,166.28,95.95
SOTL,19.33,19.33
UFLEX,,10.72
THOMASCOOK,33.92,33.92
SIEMENS,102.07,102.07
VSTIND,23.03,23.03
TOKYOPLAST,138.98,138.98
IFCI,58.91,59.43
M&M,31.48,31.48
KABRAEXTRU,46.65,46.65
POLYPLEX,19.69,19.69
3PLAND,37.78,37.78
SAIL,24.11,16.74
GRAPHITE,21.54,21.54
BBL,35.64,35.64
DCMSHRIRAM,37.67,37.67
COSMOFIRST,25.48,25.48
HDFCBANK,19.18,18.91
GMBREW,11.62,11.62
INDIANHUME,23.27,23.27
IOC,12.42,13.33
OSWALGREEN,143.72,143.72
HUHTAMAKI,5.33,28.55
KAMATHOTEL,11.86,37.3
BANCOINDIA,19.49,19.49
APOLLOTYRE,18.87,17.9
SHANTIGEAR,45.76,45.76
NILKAMAL,26.32,26.32
ICIL,22.67,22.67
AUROPHARMA,20.8,20.43
EIHOTEL,36.75,36.26
LICHSGFIN,7.06,7.06
MOREPENLAB,33.39,33.39
21STCENMGM,2.06,2.06
VENKEYS,22.64,22.64
S&SPOWER,184.67,184.67
HIL,88.84,37.53
VESUVIUS,43.34,43.34
GTL,1.23,3.76
AGI,23.13,23.13
GLAXO,63.73,57
TATACONSUM,76.83,65.06
INDHOTEL,63.4,75.26
ORIENTHOT,76.17,76.17
GOLDENTOBC,10.19,11.56
3MINDIA,64.44,64.44
ANDHRAPAP,10.12,10.12
AARTIIND,35.82,36.07
KSB,70.08,70.08
HEG,61.42,61.42
TATAINVEST,123.07,123.07
TIMKEN,64.88,64.88
SAKHTISUG,4.27,
HINDZINC,24.47,24.3
GRASIM,17.47,16.8
FINCABLES,25.06,36.55
HEUBACHIND,41.35,41.35
CESC,16.63,20.2
BAJFINANCE,27.29,27.29
NAVA,9.96,10.8
TNPL,11.76,11.76
DALMIASUG,13.17,13.17
MRF,26.8,26.8
TNPETRO,19.67,16.42
MARICO,49.54,49.54
BIOFILCHEM,165.51,165.51
SOMATEX,6.82,
STERTOOLS,32.4,32.63
DENORA,35.86,35.86
SHRIRAMFIN,14.2,14.2
MIRZAINT,45.7,45.7
GUJAPOLLO,29.82,29.82
JCHAC,188.64,122.81
KOTHARIPET,18.01,17.93
GAIL,13.62,13.62
BANKINDIA,6.79,6.79
ADROITINFO,16.24,16.24
JAICORPLTD,82.73,82.73
MAHAPEXLTD,28.81,40.89
ASAHIINDIA,54.9,54.9
KOTHARIPRO,33.14,33.14
SOUTHBANK,5.14,5.14
ITDCEM,27.47,27.47
CYIENT,30.23,28.71
CYBERTECH,22.93,22.93
GOACARBON,16.5,16.5
STCINDIA,18.12,11.62
RSSOFTWARE,24.05,24.05
NATIONALUM,18.48,21.45
ALEMBICLTD,27.94,27.94
ICDSLTD,34.58,34.58
BSOFT,25.46,25.46
STAR,46.7,43.42
ZYDUSLIFE,23.29,23.29
RAJESHEXPO,196.15,196.15
SHREERAMA,33.11,33.11
IOB,33.56,33.56
GEPIL,132.2,132.2
BLBLIMITED,12.15,12.15
BLUESTARCO,70.34,70.34
PNBGILTS,9.17,9.44
NLCINDIA,17.91,17.91
KRBL,12.94,12.94
USHAMART,29.03,29.03
TRIDENT,51.41,51.41
UNITDSPR,75.58,74.51
TCI,30.07,29.86
PONNIERODE,9.78,9.78
SURANAT&P,34.17,34.17
CANBK,5.62,5.62
GODREJIND,30.51,30.51
BAGFILMS,22.66,22.66
WELSPUNLIV,21.58,21.58
UNIENTER,27.51,27.51
MUKANDLTD,20.65,20.65
MAHABANK,8.42,8.42
RKFORGE,47.18,47.1
CCL,34.76,34.76
APARINDS,41.26,41.26
TCS,31.87,31.4
COFORGE,63.71,64.39
INDSWFTLTD,3.07,3.07
PATELENG,14.35,18.75
JINDALPHOT,55.11,55.11
ALLDIGI,18.5,22.72
IIFL,15.34,7.99
SSWL,4.92,14.73
JKPAPER,9.27,9.27
GRANULES,28.47,28.47
GENUSPOWER,77.06,77.06
IMPAL,18.77,18.77
AURIONPRO,52.03,52.03
NAHARINDUS,37.65,33.54
ORIENTCER,31.29,34.57
VIMTALABS,31.84,31.84
ROHLTD,19.91,19.91
GSPL,10.1,10.31
JKCEMENT,38.11,43.66
M&MFIN,15.72,15.72
KEI,57.71,57.69
SOLARINDS,95.15,95.15
SUNTV,15.6,15.6
RSYSTEMS,41.83,41.83
BALPHARMA,25.21,25.21
RATNAMANI,42.43,42.43
ALLCARGO,166.9,101.06
EMAMILTD,37.84,37.61
TECHM,50.41,50.54
ANANTRAJ,71.29,71.29
ALICON,28.35,28.35
TORNTPOWER,34.22,34.22
LTFOODS,22.75,22.75
JINDRILL,21.02,21.02
HBLPOWER,49.8,46.76
VEEDOL,25.19,25.19
SARLAPOLY,13.4,13.4
AUTOIND,22.42,22.97
IZMO,20.1,20.1
REDINGTON,12.77,12.77
TFL,92.69,92.69
NAHARPOLY,1733.56,1733.56
BANSWRAS,22.37,22.37
AROGRANITE,50.31,50.31
NDLVENTURE,368.87,368.87
FORTIS,68.19,64.52
WEBELSOLAR,,105.74
V2RETAIL,98.15,98.15
CIEINDIA,22.09,22.09
INDOWIND,38.7,38.7
KSCL,15.06,15.06
RELIGARE,29.13,82.4
EDELWEISS,17.96,17.96
RGL,23.22,23.22
INDIASHLTR,22.98,22.98
CELLO,51.73,51.73
CANARYS,42.51,42.51
DIGIDRIVE,30.11,30.11
DOMS,87.32,87.32
MAITREYA,55.38,55.38
DIGIKORE,65.35,65.35
AMNPLST,50.13,50.13
SARTELE,82.63,82.63
SAIFL,30.72,30.72
PARAGON,17.51,17.51
INOXINDIA,55.44,55.44
GRAPHISAD,62.83,62.6
SHEETAL,34.89,34.89
ROXHITECH,12.92,12.92
JYOTICNC,127.85,123.51
BAJEL,240.01,178.37
TECHLABS,128.84,128.84
SIGNPOST,32.36,32.36
ROCKINGDCE,78.54,78.54
BABAFP,15.05,15.05
SHREEOSFM,43.89,43.89
PRESSTONIC,83.76,83.76
MEGATHERM,33.56,33.56
KLL,18.92,18.92
SJLOGISTIC,28,28
AZAD,202.94,202.94
KONSTELEC,43.32,43.32
FONEBOX,92.74,92.74
ITALIANE,62.26,62.26
SUPREMEPWR,38.06,38.06
KCEIL,47.42,45.92
ACCENTMIC,16.43,16.43
COMSYN,54.23,54.23
LAWSIKHO,182.89,182.89
DAVANGERE,49.51,49.51
MAXPOSURE,46.32,46.32
DELAPLEX,17.27,17.27
NHPC,23.87,23.87
EXPLEOSOL,20.44,20.44
AMRUTANJAN,47.54,47.54
DEN,9.92,9.92
SHILPAMED,169.85,182.82
DBCORP,12.31,12.31
TRF,17.69,17.69
VASCONEQ,23.59,23.59
ISFT,21.62,21.62
HMVL,27.36,27.36
PRAKASHSTL,4.04,68.48
ORISSAMINE,300.99,300.99
GREENPOWER,82.87,87.04
JWL,53.86,53.86
COALINDIA,7.56,7.56
RPPINFRA,10.44,10.44
PSB,51.88,51.88
STEL,60.5,60.5
LOVABLE,53.84,53.84
PIIND,40.12,40.12
OMINFRAL,53.32,53.32
DELPHIFX,23.12,23.12
RUSHIL,21.85,21.85
LTF,13.58,13.58
NOCIL,32.63,32.63
CHAMBLFERT,13.7,13.7
BALMLAWRIE,19.41,19.41
RAMCOCEM,75.04,75.04
PGHL,41.67,40.04
TATACHEM,,45.47
EPL,37.02,35.1
SUPREMEIND,61.04,61.04
AEGISLOG,38.38,38.38
PRECOT,20.11,25.54
SHREYANIND,5.58,5.58
APOLLOHOSP,85.97,85.97
EICHERMOT,35.87,35.87
ZENSARTECH,26.13,26.13
JINDALPOLY,24.63,109
NKIND,487.09,487.09
MUNJALSHOW,20.16,18.93
HSCL,55.66,55.66
RANASUG,21.27,21.27
ARENTERP,13.73,13.73
WSI,17.61,16.9
ADVANIHOTR,27.08,27.08
SUNFLAG,26.55,26.55
SIMPLEXINF,22.37,22.37
WIPRO,25.33,25.33
JUBLPHARMA,34.11,28.05
TATACOMM,55.42,67.07
MURUDCERA,52.27,52.27
HLVLTD,51.46,51.46
LIBERTSHOE,75.08,58.68
KAJARIACER,47.94,47.91
PRSMJOHNSN,86.96,
PCBL,31.18,31.18
JINDALSAW,10.4,10.4
STYRENIX,20.56,20.56
CANFINHOME,13.61,13.61
DABUR,52.63,52.63
LYKALABS,933.44,471.48
KANSAINER,35.49,35.49
GABRIEL,30.05,30.05
PRAKASH,8.97,8.97
GREAVESCOT,,108.8
SUDARSCHEM,53.49,51.55
HINDALCO,11.79,11.25
AMBUJACEM,35.77,36.62
CGPOWER,124.76,123.89
BEL,48.71,48.71
GREENPLY,35.98,39.29
NATCOPHARM,15.27,15.27
GARFIBRES,37.39,37.39
SKFINDIA,45.33,45.33
CUBEXTUB,34.1,34.1
KEYFINSERV,6.76,6.76
MOTHERSON,39.1,38.06
CREST,13.48,13.48
TVSSRICHAK,30.55,28.8
ELECTHERM,3.62,3.62
ALKYLAMINE,61.33,61.33
RAMCOIND,24.4,24.4
MADRASFERT,19.53,12.01
TAJGVK,25.46,25.46
AXISCADES,46.84,46.84
TIPSMUSIC,74.56,74.56
ACLGATI,153.63,
SMARTLINK,27.13,27.13
OLECTRA,116.18,125.15
TIMESGTY,73.6,73.6
GENESYS,64.43,64.43
MARUTI,26,26
NSIL,55.77,55.77
TVTODAY,11.45,11.08
SIL,43.9,43.9
PETRONET,12.66,12.66
BIOCON,22.13,22.84
POONAWALLA,67.25,67.25
DATAMATICS,18.35,18.09
EXCELINDUS,46.63,46.63
AMBICAAGAR,13.36,13.36
ULTRACEMCO,48.45,48.24
TEXINFRA,372.06,372.06
GUFICBIO,52.77,52.77
WELENT,17.82,17.82
KOTARISUG,34.22,34.22
INDOCO,96.13,120.71
SUPRAJIT,40.01,40.01
JSWSTEEL,45.77,44.22
JPPOWER,9.48,7.34
SAKSOFT,30.7,30.7
MANGALAM,25.73,25.73
JSWHL,108.39,108.39
MSPL,72.63,72.66
SASKEN,41.24,41.24
DCBBANK,6.6,6.6
NAUKRI,149.96,163.6
RUCHIRA,8.07,8.07
NFL,20.94,20.94
TANLA,18.65,18.65
LUMAXTECH,19.46,19.46
PITTIENG,48.32,48.32
UNOMINDA,69.33,71.02
TTL,31.4,82.16
INDIANB,7.99,7.99
JKTYRE,13.57,13.06
NCLIND,14.5,13.23
PHOENIXLTD,39.1,39.09
ZENITHSTL,17.26,17.26
TIMETECHNO,24.96,24.96
TARMAT,,158.18
ALPA,12.39,12.41
KPRMILL,39.3,39.3
MAGNUM,40.7,142.54
MANGCHEFER,15.83,15.83
CERA,38.49,38.29
MITCON,20.2,20.2
SREEL,21.94,21.94
CASTROLIND,22.54,22.54
AGARIND,13.66,13.66
SHARDACROP,32.85,32.85
MONTECARLO,27.52,27.52
GULPOLY,56.05,56.05
MOLDTKPAC,36.63,36.63
MANAKALUCO,37.79,37.79
INOXWIND,149.17,138.31
PRIVISCL,53.72,53.72
NILAINFRA,24.9,24.9
ORICONENT,74.42,48.23
ADANIENSOL,346.97,55.26
VASWANI,17.12,17.12
ONELIFECAP,14.5,14.5
SHAKTIPUMP,28.69,28.69
JISLDVREQS,1.69,1.69
RUPA,28.14,27.13
APLAPOLLO,72.59,72.59
THOMASCOTT,23.81,23.81
IRFC,29.59,29.59
COMPUSOFT,150.62,150.62
RHIM,,44.54
NBCC,57.5,44.27
TBZ,28.16,28.16
SWANENERGY,23.32,23.32
RTNINDIA,8.68,8.31
THEJO,45.95,45.95
MAYURUNIQ,19.3,19.3
DUCON,27.49,27.49
TVSHLTD,11.25,11.25
CARERATING,37.49,37.49
INDUSTOWER,11.37,11.37
ORIENTCEM,45.68,45.68
SAMMAANCAP,8.31,8.31
NATHBIOGEN,8.44,9.08
SDBL,22.33,22.33
IREDA,36.75,36.75
HATSUN,83.27,83.27
GULFOILLUB,17.41,17.41
PDSL,34.7,35.38
GOODLUCK,20.48,20.48
APOLSINHOT,53.28,53.28
GRPLTD,68.5,63.44
GREENLAM,58.03,58.03
LINC,25.27,25.27
JMA,8.82,8.82
IMAGICAA,58.38,48.73
LFIC,5.47,5.47
VRLLOG,70.51,70.95
TPLPLASTEH,36.76,36.76
PNCINFRA,6.33,6.33
AYMSYNTEX,52.51,83.26
PKTEA,14.11,14.11
ARVSMART,53.21,53.21
GUJGASLTD,28.13,29.15
PERFECT,66.58,66.58
BALAXI,12.58,13.56
SALZERELEC,27.18,27.18
LINCOLN,13.44,13.44
OCCL,7.74,7.74
VIDHIING,65.65,65.65
KELLTONTEC,21.55,21.55
PDMJEPAPER,10.55,10.55
WEALTH,30.69,30.69
BHARATWIRE,18.31,18.31
SAGARDEEP,53.23,53.23
SHRIPISTON,19.35,19.35
UNITEDPOLY,38.53,38.53
BLS,46.22,46.22
PREMEXPLN,89.54,89.54
MOLDTECH,23.56,23.56
QUESS,28.36,27.72
LLOYDSENGG,86.15,86.15
LTIM,38,38
DBL,21.58,48.61
NDGL,21.28,21.28
BIGBLOC,61.93,61.93
MBAPL,70.6,70.6
CUPID,26.94,26.94
ICICIPRULI,156.79,156.79
HPL,60.04,60.04
JETKNIT,92.83,92.83
JAIPURKURT,12.08,12.08
SAKAR,54.75,54.75
AURDIS,14.21,14.21
PANSARI,65.93,65.93
ARTNIRMAN,108.98,108.98
VBL,74.31,74.31
PODDARMENT,13.84,13.84
JETFREIGHT,17.01,18.79
TCIEXP,33,33
TERASOFT,23.49,23.41
LIBAS,4.7,4.7
PROLIFE,14.54,14.54
CAPTRUST,81.73,81.73
MAHESHWARI,13.31,13.31
MCL,18.8,18.8
PRICOLLTD,33.74,33.74
STEELCITY,11.26,11.26
KRISHANA,31,31
GLOBAL,11.71,11.71
NITIRAJ,24.16,24.16
SANGINITA,98.03,98.03
AKASH,33.46,33.46
RADIOCITY,71.81,71.81
AIRAN,12.74,12.74
EIFFL,247.11,247.11
SHANKARA,18.41,18.41
CREATIVE,24.44,24.44
DEVIT,30.5,30.5
MKPL,29.75,29.75
INFOBEAN,29.58,29.58
VSCL,997.68,997.68
STARCEMENT,40.64,40.64
GLOBE,15.45,17.03
CDSL,61.18,61.18
TRANSWIND,25.92,25.92
STEELXIND,51.48,51.48
MAGADSUGAR,9,9
WEWIN,29.34,29.34
SIS,41.8,41.8
VAISHALI,136.28,136.28
GEEKAYWIRE,12.57,12.57
SERVOTECH,206.24,206.24
CHOLAHLDNG,6.88,6.88
WORTH,12.24,12.24
MPTODAY,6.53,6.55
AARVI,20.12,20.12
AIROLAM,66.55,66.55
RKEC,12.17,12.17
GOLDSTAR,64.38,64.38
JASH,42.44,42.44
BETA,51.08,51.08
GODREJAGRO,42.43,42.43
DPABHUSHAN,47.16,47.16
GICRE,9.08,9.08
NAM-INDIA,33.49,33.49
IFGLEXPOR,38.32,38.32
VERTOZ,70.43,70.43
SILVERTUC,48.81,48.81
ICEMAKE,57.93,57.93
INNOVANA,21.77,21.77
SHALBY,45.29,45.29
ONEPOINT,55.94,55.94
AJOONI,60.86,60.86
MOKSH,13.8,13.8
SILLYMONKS,74.24,74.24
NEWGEN,61.61,61.61
SOLEX,86.75,86.75
GALAXYSURF,33.15,33.15
MHHL,8.8,8.8
SOUTHWEST,38.65,40.75
GMMPFAUDLR,56.48,56.48
HINDCON,45.87,45.87
SARVESHWAR,44.68,44.68
MACPOWER,49.24,49.24
BDL,66.07,66.07
HAL,36.18,36.18
MITTAL,33.98,63.39
GIRIRAJ,94.28,94.28
ISEC,13.3,13.3
KAPSTON,45.41,45.41
MIDHANI,78.37,78.37
CONTI,75.35,
AVG,17.68,27.73
VERA,18.25,18.25
MMP,31.77,31.77
NARMADA,31.6,31.6
BSHSL,72.15,72.15
AAKASH,17.69,17.69
GODHA,85.5,85.5
SOFTTECH,158.93,158.93
ORIENTELEC,83.5,83.5
E2E,261.67,261.67
SIRCA,39.36,39.36
SVLL,199.47,199.47
ADANIGREEN,194.4,155.23
PRITI,22.36,22.36
ACCURACY,22.36,22.36
RITES,30.6,30.66
GANGAFORGE,153.77,156.45
REPL,24.98,24.98
AVROIND,41.32,41.32
HDFCAMC,43.03,43.03
AARON,41.94,41.94
SIGIND,16.62,16.62
SUMIT,51.61,51.61
LAGNAM,13.55,13.55
RPPL,21.29,21.29
AKG,46.97,46.97
AHLADA,9.09,9.09
RAJMET,28.91,28.91
AAVAS,24.58,24.58
KSHITIJPOL,16.76,43.23
GRSE,46.6,46.6
KRITIKA,30.59,30.59
PARIN,183.42,183.42
SILGO,23.49,23.49
VINNY,23.21,23.21
MARINE,106.5,106.98
ATGL,112.73,112.73
SHUBHLAXMI,19.93,19.93
SHRIRAMPPS,4.72,4.72
RPSGVENT,68.82,68.82
OSIAHYPER,18.6,18.6
ARVINDFASN,60.22,58.21
PAR,19.23,19.23
KHFM,169.27,169.27
POLYCAB,55.53,55.53
KPITTECH,52.42,52.42
CONFIPET,28.76,28.76
INDIAMART,30.02,30.02
WEL,1870.57,1870.57
CHEMCON,46.62,46.62
SPANDANA,28,28
DOLATALGO,9.82,9.82
HNDFDS,69.21,69.21
MAZDOCK,33.85,33.85
IRCTC,55.76,55.62
DCI,37.26,37.26
IIFLSEC,15.25,15.25
HPIL,130.06,130.06
FLUOROCHEM,113.34,113.34
KUANTUM,7.24,7.24
CHEMBOND,18.13,18.64
ROUTE,23.18,24.33
SBICARD,29.81,29.81
SIGMA,20.18,20.18
EQUITASBNK,16.47,16.47
EASEMYTRIP,50.15,31.22
HINDWAREAP,66.72,66.72
PRINCEPIPE,37.87,37.87
LIKHITHA,21.57,21.57
ARTEMISMED,69.05,69.05
PATANJALI,67.61,67.61
LGHL,53.11,56.05
ATALREAL,70.95,70.95
SUVENPHAR,132.4,132.4
STOVEKRAFT,77.29,77.29
KSOLVES,32.31,32.31
HAPPSTMNDS,48.17,50.24
GLAND,43.31,43.31
BOROLTD,75.79,75.79
MAXHEALTH,94.1,94.1
PAVNAIND,68.45,68.45
KALYANKJIL,114.56,114.56
BTML,104.27,104.21
SHAREINDIA,13.19,13.17
SIGACHI,28.35,28.35
ANGELONE,19.04,19.04
NIRAJ,23.04,15.47
CAMS,55.48,55.48
SURYODAY,6.89,6.89
UTIAMC,18.01,18.01
BECTORFOOD,73.34,73.34
ORCHPHARMA,65.79,65.79
INDIGOPNTS,50.24,50.24
LXCHEM,54.23,54.23
MTARTECH,128.02,128.02
ANURAS,63.62,63.62
STYLAMIND,29.09,28.91
CLSEL,15.15,15.15
CARYSIL,35.3,35.3
SHAILY,70.25,70.25
MODISONLTD,31.83,31.4
FIBERWEB,12.76,12.76
BCLIND,14.8,14.8
BHAGCHEM,189.92,189.92
SBCL,45.75,45.75
SMCGLOBAL,6.9,6.9
QMSMEDI,21.6,21.6
NPST,652.46,652.46
ARIHANTCAP,14.1,14.1
SIDDHIKA,13.94,13.94
NAZARA,74.06,73.42
IPL,31.63,31.63
GENCON,18.4,18.4
LODHA,56.9,54.37
HLEGLAS,65.15,60.39
SONACOMS,76.61,75.52
UTKARSHBNK,8.26,8.26
DRCSYSTEMS,25.46,25.46
PARAS,96.41,96.41
CRAFTSMAN,43.55,43.55
DODLA,33.02,33.02
JUBLINGREA,63.08,63.05
ROLEXRINGS,34.63,31.17
SHYAMMETL,26.69,26.7
KIMS,61.85,61.85
MAKS,120.99,61.47
JSFB,6.07,6.07
TATVA,116.09,116.09
CLEAN,57.49,57.49
GLS,31.57,31.57
ABSLAMC,25.56,25.56
DEEPINDS,21.66,21.73
ZOMATO,307.99,307.99
BEWLTD,28.85,28.85
PIXTRANS,24.04,24.04
MEDIASSIST,65.51,65.51
WINDLAS,35.92,35.92
CARTRADE,58.37,58.37
KRSNAA,43.33,43.33
EQUIPPP,2889.02,2889.02
DEVYANI,,814.33
APTUS,24.61,24.61
SUPRIYA,32.55,32.55
ANMOL,10.82,10.82
VIJAYA,82.49,81.56
AMIORG,83.56,83.34
IWEL,87.97,80.9
VINEETLAB,361.58,361.58
SANSERA,48.75,48.75
BAJAJHCARE,,34.62
PRITIKAUTO,25.38,25.38
AAREYDRUGS,34.02,34.02
GRINFRA,13.86,17.57
INTLCONV,6.7,6.7
DUGLOBAL,627.14,627.14
REXPIPES,17.44,17.38
STEELCAS,25.52,25.52
HPAL,34.7,34.96
UGROCAP,16.96,16.96
STARHEALTH,32.66,32.66
KPIGREEN,43.09,42.69
SGIL,50.86,50.86
ANANDRATHI,61.86,61.86
FINOPB,32.04,32.04
NYKAA,1014.48,1014.48
AWL,44.66,44.66
SAPPHIRE,729.1,391.87
EPIGRAL,31.04,31.04
NUVOCO,250.77,250.77
TRACXN,3163.2,3163.2
FUSION,5.64,5.64
COASTCORP,86.06,86.06
MEDPLUS,130.97,130.97
RATEGAIN,52.35,52.35
METROBRAND,77.1,77.1
MICEL,34.97,39.02
FOODSIN,32.45,32.45
PARADEEP,23.99,23.99
ABMINTLLTD,108.45,108.45
KRITI,41.14,41.14
DYNAMIC,53.54,53.54
GANESHBE,16.34,16.34
GVPTECH,74.19,74.19
KOTYARK,39.14,39.14
MEDICAMEQ,98.4,98.4
SHIVALIK,53.98,53.98
PRECISION,16.92,16.92
COOLCAPS,228.81,228.7
MEDANTA,59.61,59.61
AHL,20.43,20.43
ASIANENE,49.33,46.51
NRL,71.07,71.07
CHOICEIN,65.83,65.83
EUROBOND,53.51,53.51
GRWRHITECH,37.65,37.65
CAPITALSFB,10.95,10.95
DCMSRIND,13.83,13.83
EMUDHRA,91.05,91.05
FIVESTAR,19.05,19.05
STARTECK,23.67,23.67
SBC,52.61,52.61
DHRUV,31.73,31.73
ELIN,70.09,70.09
SHIGAN,47.59,47.59
TIMESCAN,13.73,13.73
RELCHEMQ,107.5,107.5
SYRMA,77.91,77.91
JTLIND,32.57,32.57
CAMPUS,96.44,96.44
VENUSPIPES,40.11,40.11
AETHER,135.99,69.29
MEGASTAR,63.82,63.82
GSTL,79.43,79.43
LANDMARK,48.89,48.26
RACE,598.85,598.85
ETHOSLTD,108.88,108.88
AGSTRA,119.42,119.42
SONUINFRA,15.14,15.14
MSUMI,42.35,42.35
LEMERITE,159.72,159.72
HARSHA,34.62,34.62
GMRP&UI,3.99,
KCK,211.97,211.97
LICI,13.99,13.99
PROPEQUITY,21.37,21.37
TVSSCS,8887.98,224.54
FEDFINA,14.46,14.46
ACI,38.51,34.01
RITCO,32.81,32.81
SADHNANIQ,367.25,367.25
VEEKAYEM,41.89,41.89
HARDWYN,118.41,118.41
HMAAGRO,36.21,36.21
MWL,16.11,16.11
MEDICO,59.14,59.14
YATHARTH,40.72,40.72
DCXINDIA,56.04,56.04
ARISTO,28.99,28.99
KAYNES,151.86,151.86
SABAR,10.15,10.15
SWASTIK,27.16,27.16
AXITA,27.28,27.28
PLAZACABLE,103.04,103.04
SENCO,42.77,42.77
RADHIKAJWE,25.42,25.42
SPLPETRO,33.55,33.55
RAMRAT,41.31,41.31
CSLFINANCE,10.43,10.43
AGNI,192.76,192.76
KORE,140.57,137.51
GOYALALUM,62.91,62.91
RUSTOMJEE,67.34,67.34
GENSOL,43.05,42.99
DBOL,84.17,84.17
KANDARP,34.3,34.3
GSLSU,47.23,47.23
SPORTKING,14.03,14.03
ALLETEC,45.51,45.51
MANORAMA,103.94,103.94
INNOVACAP,45.38,45.38
GRMOVER,21.01,21.01
SYNCOMF,66.11,66.07
DJML,67.03,67.03
BAHETI,41.41,41.41
SULA,37.12,37.12
SIGNATURE,331.54,331.54
KRITINUT,14.63,14.63
MEGAFLEX,31.95,31.95
KALAMANDIR,30.01,30.01
AVALON,177.92,177.92
RITEZONE,18.71,18.71
CONCORDBIO,62.63,62.63
BAIDFIN,17.03,17.03
QUICKTOUCH,11.21,11.21
AMIABLE,11.22,11.22
DOLLEX,10.01,10.01
BLUEJET,54.93,52.75
MVGJL,13.87,13.87
SCPL,19.08,19.08
SUKHJITS,15.48,15.48
ARHAM,53.16,53.16
FROG,33.7,33.7
MANKIND,49.9,49.9
SKYGOLD,95.28,95.28
SATINDLTD,5.86,5.86
DIVGIITTS,55.55,55.55
PRITIKA,78.37,78.37
USK,11.2,11.2
MOTISONS,79.3,80.15
SRIVASAVI,35.46,35.46
DIACABS,310.09,305.85
IKIO,38,38
MANOMAY,23.28,23.28
FAZE3Q,23.1,23.1
LLOYDSME,35.35,35.35
AARTIPHARM,25.16,25.16
RHL,41.67,41.67
SAHYADRI,15.65,15.65
SAHANA,89.93,89.93
NINSYS,57.31,57.31
DUCOL,37.54,37.54
SBFC,30.22,30.22
SBGLP,127.17,127.17
ASMS,333.6,321.31
SHERA,50.16,50.16
ZAGGLE,90.46,90.46
GANDHAR,18.41,18.41
AGARWALFT,284.75,284.75
MCON,53.58,53.58
HONASA,98,98
RISHABH,37.04,37.04
IRMENERGY,20.15,20.15
SAH,339.42,339.42
QFIL,18.74,18.74
CYIENTDLM,76.69,76.69
NIRMAN,44.22,44.22
AKI,114.45,114.45
RPTECH,13.23,13.85
SYSTANGO,20.42,20.42
MOS,63.18,63.18
SECMARK,211.22,211.22
SOTAC,35.13,34.41
ATAM,27.62,27.62
CRAYONS,16.58,16.58
SHRITECH,12.91,12.91
LAL,65.03,65.03
INFINIUM,88.44,88.44
AARTECH,101.11,101.11
KRISHCA,36.45,36.45
DOLPHIN,94.58,97.03
REMUS,37.17,37.17
NOVAAGRI,19.2,19.2
REDTAPE,80.53,80.53
PENTAGON,16.31,16.31
CELLPOINT,248.11,248.11
GREENCHEF,36.59,36.59
PTCIL,493.58,493.58
PYRAMID,27.55,27.55
EMSLIMITED,25.63,25.63
EFACTOR,23.59,23.59
GHCLTEXTIL,19.4,19.4
MONOPHARMA,25.15,25.15
UDS,27.88,27.88
SYNOPTICS,17.54,17.54
CLSL,24.89,24.89
ATL,25.46,25.31
RRKABEL,64.53,64.54
JLHL,52.42,52.87
SAHAJ,20.78,20.78
NUVAMA,29.28,29.28
GLOBALPET,60.83,60.83
SERVICE,34.98,34.98
NIITMTS,26.72,26.19
VINSYS,23.67,23.67
SAROJA,26.55,26.55
SINDHUTRAD,31.04,31.03
ORIANA,96.93,96.93
ASKAUTOLTD,41.25,41.25
CHAVDA,21.73,21.73
BAWEJA,36.67,36.67
PLADAINFO,9.56,9.56
OLIL,21.92,21.92
KODYTECH,143.13,143.13
SAAKSHI,68.48,68.48
HIGREEN,66.88,66.88
MUFTI,20.31,20.31
FLAIR,24.88,24.88
CELLECOR,51.32,51.32
SRGHFL,19.72,19.72
JIOFIN,168.72,168.72
MADHUSUDAN,32.26,32.26
GOYALSALT,22.83,22.83
WOMANCART,46.65,46.65
BLSE,63.58,63.58
HOLMARC,51.82,51.82
TREL,5.34,34.14
MARCO,42.49,42.49
VISHNUINFR,25.46,25.46
INSPIRE,15.4,15.4
EPACK,81.26,81.26
RALLIS,42.19,42.19
KOPRAN,25.03,25.03
SURYAROSNI,20.5,20.5
IPCALAB,69.13,74.98
GSFC,14.88,14.93
EIDPARRY,9.28,9.28
BIRLACORPN,28.32,28.92
ASHAPURMIN,12.34,22.15
PEARLPOLY,40.47,40.47
TTKPRESTIG,55.61,55.61
EIMCOELECO,27.7,27.7
SAMBHAAV,34.36,38.81
AARTIDRUGS,28.68,28.68
WENDT,74.71,74.71
PUNJABCHEM,33.4,33.4
GANESHHOUC,19.01,19.01
GUJRAFFIA,37.58,37.58
INDRAMEDCO,29.25,29.25
SKMEGGPROD,10.89,10.89
ICICIBANK,18.09,18.09
CHENNPETRO,14.09,14.09
GAEL,17.74,17.74
HIKAL,68.5,68.5
JISLJALEQS,115.17,115.17
MPSLTD,30.1,30.1
PNB,8.95,8.95
UNIONBANK,5.97,5.97
DIVISLAB,85.31,85.31
UCOBANK,24.33,24.33
JAIBALAJI,20.31,20.31
WELCORP,23.64,23.4
PRIMESECU,29.75,32.15
GEOJITFSL,18.18,18.18
RML,591.29,344.1
JMFINANCIL,,14.08
MANALIPETC,64.99,56.53
VENUSREM,18.78,18.78
WANBURY,16.03,31.34
CTE,259.18,259.18
ORIENTBELL,1497.21,1497.21
PFC,7.22,7.22
LAOPALA,30.04,30.04
ICRA,43.75,43.75
SRHHYPOLTD,16.87,15.19
KMSUGAR,13.61,13.61
NELCAST,20.39,32.32
MEGASOFT,244.19,244.19
CENTRALBK,14.44,14.44
MOTILALOFS,17.16,17.16
CENTUM,,4172.77
BAJAJELEC,91.95,91.95
ADANIPORTS,29.25,27.87
AGRITECH,12.62,12.62
GOCLCORP,32.22,31.49
CIGNITITEC,27.78,27.23
LAMBODHARA,32.64,32.64
GANECOS,97.02,97.02
MENONBE,9.76,9.76
MANAKCOAT,31.76,33.76
AVANTIFEED,19.46,19.46
SKIPPER,54.76,54.76
TDPOWERSYS,47.01,47.01
APLLTD,31.42,31.92
PGEL,86.65,86.65
PANAMAPET,11.24,11.24
PAISALO,21.52,21.56
TRITURBINE,63,63
DSSL,26.72,26.72
POLYMED,94.52,94.52
VIKASECO,38.58,38.58
KANANIIND,212.46,212.46
MINDACORP,49.55,49.55
DBSTOCKBRO,17.92,17.92
SCHNEIDER,99.13,97.37
HEXATRADEX,54.72,54.72
VSSL,19.85,19.85
SPECIALITY,26.02,26.02
KITEX,42.56,42.56
ZUARI,7.41,7.41
VETO,14.62,14.62
PCJEWELLER,455.65,455.65
REPCOHOME,7.24,7.24
JUSTDIAL,18.88,18.88
ATULAUTO,107.32,107.32
PILITA,68.91,68.91
ORBTEXP,13.74,13.74
JPOLYINVST,26.87,26.87
WONDERLA,34.53,34.53
CAPLIPOINT,30.78,30.79
SNOWMAN,99.72,99.72
SUPERHOUSE,16.54,26.57
INTELLECT,36.46,36.48
FCL,33.32,33.32
GENUSPAPER,79.06,79.06
VISHNU,31.31,31.31
HESTERBIO,98.65,98.65
MANAKSTEEL,34.57,35.34
ZENTEC,76.33,77.02
BYKE,61.55,61.55
VIPULLTD,1.58,1.56
UFO,104.99,104.99
ARROWGREEN,27.55,27.55
ALANKIT,23.92,23.92
BALKRISHNA,,16.23
SYNGENE,74.24,77.94
RAMASTEEL,69.26,69.26
SATIN,4.34,4.34
SHARDAMOTR,19.3,19.3
IDFCFIRSTB,21.01,21.01
INDIGO,23.36,23.36
LUXIND,39.88,39.88
UMANGDAIRY,32.97,32.97
KRIDHANINF,,60.11
ALKEM,32.42,30.99
PRECAM,62.17,88.71
QUICKHEAL,102.04,102.04
BHAGERIA,36.49,36.49
SEQUENT,360.17,
HCG,105.89,111.07
CROMPTON,53.25,53.25
ALBERTDAVD,11.34,11.34
NAGAFERT,.3,.3
CONTROLPR,22.02,22.04
MAHASTEEL,80.53,99.69
DAMODARIND,42.84,42.84
MGL,12.13,12.13
POKARNA,32.48,32.48
GPTINFRA,27.8,27.8
GROBTEA,43.03,43.03
MINDTECK,30.9,29.27
ADVENZYMES,32.74,30.54
SPAL,25.34,25.34
RBLBANK,8.25,8.25
LTTS,41.23,41.23
GNA,18.26,18.26
MARATHON,23.39,23.39
ENDURANCE,46.03,46.03
MAZDA,20.98,20.98
MUTHOOTCAP,13.15,13.15
POWERMECH,30.91,30.87
SHREEPUSHK,21.73,21.73
SHK,412.97,26.02
TTKHLTCARE,26.14,32.3
PILANIINVS,47.58,47.58
LALPATHLAB,61.87,61.87
NH,33.93,33.93
TEAMLEASE,44.59,46.05
HITECH,57.84,57.84
NECCLTD,27.79,27.79
GOKULAGRO,26.51,26.51
KDDL,26.45,26.5
HECPROJECT,25.34,25.34
INFIBEAM,39.17,39.17
PARAGMILK,26.66,26.66
ASPINWALL,17.22,17.22
INCREDIBLE,33.1,33.1
ARIHANTSUP,26.48,26.48
NRAIL,9.87,9.87
WIPL,55.02,55.02
SIKKO,27.5,27.5
PSPPROJECT,27.22,27.22
GTPL,23.67,23.67
ACEINTEG,55.55,55.55
AVADHSUGAR,10.64,10.64
TOTAL,655.35,655.35
OPTIEMUS,98.4,98.4
ABCAPITAL,14.86,14.86
MATRIMONY,31.53,31.53
DPWIRES,19.15,19.15
DIAMONDYD,64.99,80.04
GATECHDVR,7.48,7.48
IEX,39.62,39.62
NIACL,22.18,22.18
HDFCLIFE,89.79,89.79
ZODIAC,67.29,67.29
SHRADHA,16.73,16.73
TOUCHWOOD,46.29,46.3
BCONCEPTS,72.16,72.16
SINTERCOM,337.3,337.3
ARVEE,143.7,143.7
BANKA,65.9,65.94
BBTCL,28.83,28.83
IRISDOREME,44.98,44.98
UNIPARTS,19.71,19.71
AWHCL,24.57,24.57
MSTCLTD,20.49,20.35
ANUP,56.7,56.7
RVNL,70.64,70.64
METROPOLIS,74.33,74.33
NEOGEN,141.16,141.16
EMAMIPAP,7.16,7.16
PPL,13.04,13.04
OAL,67.91,67.91
SATIA,6.23,6.23
AFFLE,65.4,65.4
WESTLIFE,533.11,533.11
UJJIVANSFB,5.95,5.95
SAFARI,70.2,70.2
360ONE,44.12,41.3
SAMHI,,156.49
GREENPANEL,45.35,45.35
APOLLOPIPE,61.84,61.84
MGEL,15.11,14
HOMEFIRST,27.58,27.58
CSBBANK,9.89,9.89
ROSSARI,33.44,33.44
ESAFSFB,4.62,4.62
PARKHOTELS,73.12,73.12
SUMICHEM,55.22,55.22
ASALCBR,28.75,28.75
UNIVPHOTO,14.27,14.27
BAFNAPH,709.69,313.7
POWERINDIA,286.85,286.85
RAJRATAN,36.39,36.39
AARTISURF,32.63,32.63
NDRAUTO,46.75,46.75
AAATECH,41.47,41.47
UNIDT,40.06,40.06
ADL,196.38,196.38
ROML,114.01,114.01
RAILTEL,48.52,46.11
HERANBA,36.55,36.55
FAIRCHEMOR,26.95,26.95
ISGEC,37.09,37.09
PAKKA,27.98,27.98
YUKEN,66.04,66.04
SJS,35.4,35.4
POLICYBZR,362.52,434.58
MONARCH,22.63,22.62
PRUDENT,69.12,69.12
GOCOLORS,75.01,75.01
CMSINFO,23.44,23.44
TARSONS,65.07,65.07
TEGA,71.51,71.51
LATENTVIEW,58.45,58.45
PASUPTAC,11.39,11.39
MAPMYINDIA,74.84,74.84
TMB,6.21,6.21
MANYAVAR,84.93,84.93
DMCC,57.61,57.61
EMIL,38.38,38.38
DATAPATTNS,65.99,65.99
MALLCOM,26.26,26.26
SMLT,22.1,22.1
RADIANTCMS,19.72,19.72
HARIOMPIPE,30.99,30.99
RAJRILTD,5207.4,5207.4
DYCL,42.28,42.28
VIRINCHI,33.77,33.77
ELDEHSG,23.94,23.94
MHLXMIRU,13.59,13.59
GATEWAY,19.59,19.59
ZIMLAB,32.32,32.32
RAINBOW,68.87,68.87
ROTO,45.68,45.68
INDOBORAX,14.6,14.6
AVONMORE,27.1,27.1
DREAMFOLKS,32.8,32.8
DHARMAJ,26.5,26.5
OBCL,45.49,45.49
INDOAMIN,26.26,26.26
INOXGREEN,196.21,196.21
BIKAJI,74.51,74.51
SURAJEST,35.06,35.06
CHEVIOT,9.41,9.41
KFINTECH,56.93,56.93
NGLFINE,29.69,29.69
RATNAVEER,28.34,28.34
IDEAFORGE,213.49,213.49
POCL,49.1,49.1
TATATECH,62.47,62.47
NETWEB,164.27,164.27
AEROFLEX,53.34,53.34
VPRPL,29.13,29.13
KIRLPNU,54.07,52.4
JSWINFRA,51.56,51.56
YASHO,50.38,50.38
SANDUMA,20.61,20.61
MUFIN,114.51,111.19
MUTHOOTMF,8.14,8.14
DIAMINESQ,90.1,90.1
HAPPYFORGE,40.89,40.89
EMKAYTOOLS,14.29,14.29
KKVAPOW,146.95,146.95
GICL,62.5,62.5
JALAN,,34.76
PASHUPATI,209.26,209.26
CMMIPL,18.53,18.53
OMFURN,20.02,20.02
MDL,63.39,59.24
MAHICKRA,43.06,43.06
SPECTRUM,142.96,142.96
SURANI,508.84,508.84
SECL,1572.82,1572.82
PARTYCRUS,20.91,20.91
WALPAR,35.34,35.34
BMETRICS,24.4,24.4
DKEGL,13.59,13.59
DESTINY,116.95,116.95
JSLL,67.17,67.17
NIDAN,,20.4
RICHA,32.66,32.66
MADHAVBAUG,86.42,86.42
KNAGRI,20.94,20.94
KRISHIVAL,68.44,68.44
AMEYA,27.27,27.27
SKP,68.19,68.19
CMRSL,19.06,14.88
JFLLIFE,26.93,26.93
FIDEL,33.61,33.61
USASEEDS,21.47,21.47
ARABIAN,29.01,29.01
ANNAPURNA,68.6,68.6
PHANTOMFX,18.83,18.83
IPSL,41.39,41.39
JIWANRAM,22.74,22.74
ARIHANTACA,81.36,81.36
ANLON,56.89,56.89
VERTEXPLUS,116.31,116.31
RBMINFRA,71.48,71.48
HOMESFY,19.39,18.96
VIAZ,33.46,33.46
DENEERS,20.01,20.01
AGUL,14.43,14.43
YCCL,33.34,33.34
AUROIMPEX,15.89,15.89
SPECTSTM,40.86,40.86
INFOLLION,43.38,43.38
AATMAJ,76.33,76.33
TRIDHYA,14.48,14.48
PROV,60.54,60.54
MAGSON,36.6,36.6
DENTALKART,71.36,71.36
SSFL,80.99,80.99
COMMITTED,14.08,14.08
DRONE,68.35,68.35
PRAMARA,41.93,41.93
ZEAL,17.86,17.86
UNIHEALTH,21.41,21.41
ONDOOR,39.35,38.99
TRANSTEEL,10.52,10.38
SUNREST,109.04,109.04
SCML,21.36,21.36
MAL,8.29,8.29
BASILIC,32.95,32.95
CPS,139.34,139.34
NEWJAISA,48.99,48.99
RCDL,19.03,19.03
SHANTHALA,134.74,134.74
MICROPRO,16.42,16.42
IBLFL,73.02,73.02
PNBHOUSING,14.95,14.95
KINGFA,27.12,27.12
NBIFIN,157.64,157.64
SFL,55.97,87.72
LAURUSLABS,204.61,204.61
ITDC,79.28,79.19
HISARMETAL,21.09,21.09
SPCENET,131.75,131.75
BHANDARI,24.73,24.73
BSE,121.95,121.95
KALYANI,6,6
JITFINFRA,34.35,44.58
DMART,94.11,94.11
URJA,469.94,469.94
SCHAND,20.27,20.27
BHAGYANGR,34.38,34.38
ERIS,49.1,49.1
AUBANK,23.54,22.76
DYNPRO,116.78,116.78
THEINVEST,41.73,41.73
COLPAL,53.19,53.19
JYOTHYLAB,46.8,46.8
KALYANIFRG,44.27,44.27
ECLERX,30.95,30.87
BRIGADE,58.66,58.66
DVL,40.61,40.61
PATINTLOG,25.37,25.37
ARIES,14.12,14.12
CEATLTD,21.7,20.17
CORDSCABLE,22.89,22.89
KNRCON,10.18,10.18
IRB,32.88,32.88
GSS,24.8,24.8
NAHARCAP,14.82,14.82
VGUARD,62.58,62.58
NESCO,19.05,19.05
DPSCLTD,102.07,102.07
BAJAJFINSV,16.61,16.61
GOKUL,360.64,28.31
RPGLIFE,54.87,49.41
RBL,16.73,16.39
ARCHIDPLY,102.7,102.7
VINYLINDIA,26.31,26.31
JOCIL,107.28,107.28
COUNCODOS,32.3,32.3
MAWANASUG,10.01,10.01
AJMERA,26.49,26.49
GKWLIMITED,165.48,165.48
VINATIORGA,55.07,55.07
ADANIPOWER,17.6,17.6
OIL,9.97,9.98
RTNPOWER,.7,
ZYDUSWELL,38.47,39.19
REFEX,61.95,61.97
AHLUCONT,19.43,32.26
JSWENERGY,65.66,65.66
HINDCOPPER,65.63,65.63
WHIRLPOOL,79.52,76.12
JUBLFOOD,101.82,172.08
THANGAMAYL,56.73,56.73
HATHWAY,42.75,42.38
TEXMOPIPES,71.93,16.61
MANINFRA,24.99,24.99
PERSISTENT,72.33,72.33
KSL,19.15,19.15
SJVN,43.18,46.14
MANAPPURAM,5.83,5.83
IMFA,10.02,10.02
BLISSGVS,17.7,7.79
AHLEAST,11.76,11.76
UGARSUGAR,47.76,47.76
GPPL,24.71,22.76
KILITCH,45.66,45.66
CAREERP,15.58,15.58
RAMKY,14.28,14.28
CANTABIL,29.51,30.09
BEDMUTHA,21.25,21.25
CGCL,38.81,38.81
RESPONIND,37.38,37.38
GRAVITA,57.19,57.19
JAMNAAUTO,20.98,20.98
MOIL,18.51,18.51
A2ZINFRA,12.15,
KICL,45.56,60.4
SUMMITSEC,34.16,31.32
TEXRAIL,51.45,51.45
PFS,17.98,17.98
SYMPHONY,43.87,43.87
RELAXO,101.56,101.56
ASHIANA,46.72,46.72
MAITHANALL,3.71,3.71
INVENTURE,15.92,13.75
BODALCHEM,309.57,309.57
FILATEX,22.61,22.61
PENINLAND,24.65,25.72
WHEELS,19.54,19.54
PREMIERPOL,27.68,27.68
SESHAPAPER,10.41,10.41
SUNDRMFAST,47.69,47.69
EXIDEIND,44.04,44.04
ELECON,37.13,37.13
CRISIL,60.42,60.42
PEL,,45.5
MASTEK,24.5,25.05
MAHSCOOTER,76.49,79.75
TRENT,137.46,199.21
CUMMINSIND,59.13,59.09
JAYBARMARU,39.47,39.47
JBCHEPHARM,45.23,45.23
INDIAGLYCO,22.16,22.16
IGPL,45.9,45.9
HIMATSEIDE,19.78,19.78
BPCL,11.51,11.11
BASF,50.73,51.5
ATUL,59.56,59.56
ACC,20.98,23.74
SCI,10.59,10.59
MRPL,31.52,31.28
HINDPETRO,21.37,21.37
BAJAJHLDNG,80.89,80.89
VOLTAS,84.5,84.5
TITAN,87.8,87.8
TATASTEEL,70.25,60.63
SPIC,17.15,11.96
SBIN,10.37,9.68
RELIANCE,22.31,22.31
BOSCHLTD,40.52,54.39
DEEPAKFERT,23.31,23.31
MAHSEAMLES,9.7,9.67
DICIND,,53.42
ASIANPAINT,54.33,52.81
BEML,59.71,59.71
TORNTPHARM,59.19,61.7
FEDERALBNK,12.19,12.19
VLSFINANCE,4.32,4.32
SRF,60.22,60.22
WEIZMANIND,23.93,23.93
JTEKTINDIA,42.17,42.17
TATAELXSI,49.75,49.75
SANDESH,6.35,6.35
ASHIMASYN,6.69,6.69
ADANIENT,57.61,55.68
INDBANK,19.16,19.16
RAJSREESUG,18.42,18.42
ONGC,6.88,6.7
TIL,7.93,
BANARISUG,30.24,30.24
BSL,22.27,22.27
BLUEDART,66.48,66.48
APCOTEXIND,38.88,38.88
RCF,52.41,57.78
KARURVYSYA,10.15,10.15
DECCANCE,33.06,22.53
TATAPOWER,41.74,40.18
SUBROS,32.26,32.26
SPMLINFRA,53.88,57.65
BHARATRAS,42.69,42.69
UNIVCABLES,48.98,48.98
SOMANYCERA,32.54,33.89
SANOFI,34.39,32.01
HEIDELBERG,39.15,39.15
MANGLMCEM,37.94,37.94
PIDILITIND,81.66,79.6
EIHAHOTELS,28.21,27.09
HONDAPOWER,39.99,41.71
RUBYMILLS,17.13,17.13
ABB,90.87,90.87
IDBI,13.05,13.05
BRITANNIA,61.23,60.65
DHAMPURSUG,13.99,13.99
CIPLA,27.96,27.05
HEROMOTOCO,22.9,22.9
GIPCL,14.86,14.86
ITC,28.68,28.67
HINDCOMPOS,21.72,21.72
RICOAUTO,31.93,31.11
MANINDS,18.08,18.08
SIYSIL,16.81,16.81
PRECWIRE,39.91,39.91
ONWARDTEC,31.32,31.32
NCC,22.05,21.54
SEAMECLTD,22.87,24.24
ELGIEQUIP,61.12,61.12
BBTC,9.63,9.29
GICHSGFIN,7.05,7.05
BEPL,17.56,17.56
BANARBEADS,29.51,29.51
WSTCSTPAPR,5.76,5.76
GHCL,10.58,10.58
PRAJIND,43.16,46.59
EVERESTIND,147.67,196.33
BPL,21.59,21.59
PGHH,74.29,74.29
TFCILTD,14.35,14.35
BOMDYEING,1.48,
NAVNETEDUL,4.03,14.86
ZEEL,28.97,26.08
CHOLAFIN,27.67,27.67
KOTAKBANK,15.87,18.27
FOSECOIND,43.61,43.81
SCHAEFFLER,60.28,60.05
AMJLAND,15.75,15.75
MFSL,100.12,100.12
GODFRYPHLP,48.3,45.72
SHREECEM,50.85,50.85
INGERRAND,58.54,58.54
AKZOINDIA,40.45,40.45
HINDUNILVR,56.91,56.84
FINPIPE,22.47,38.96
DCW,248.43,230.77
DCM,32.35,32.35
BHEL,493.32,493.32
AUTOAXLES,17.46,17.46
REMSONSIND,44.46,45.83
KHAITANLTD,10.46,10.46
SWARAJENG,25.31,25.31
ANDHRSUGAR,31.85,30.15
STARPAPER,5.41,5.28
AUSOMENT,13.31,13.31
JAYAGROGN,16.13,16.13
SILINV,26.02,26.02
SUNDRMBRAK,49.35,49.35
SANGAMIND,51.28,43.71
INDIANCARD,2.2,
HITECHGEAR,28.35,28.29
DYNAMATECH,52.1,94.98
MMFL,16.92,17
JAGSNPHARM,62.12,56.22
MPHASIS,33.98,33.98
RUCHINFRA,26.63,84.42
HERITGFOOD,25.89,25.5
BANKBARODA,6.75,6.75
INDNIPPON,22.91,22.91
CONCOR,40.18,39.36
KCPSUGIND,6.32,7.41
HUDCO,17.43,17.43
SAREGAMA,49.36,49.36
FDC,26.45,26.45
ENGINERSIN,38.25,38.25
GMDCLTD,17.41,17.41
INDUSINDBK,10.14,10.14
TRIGYN,22.49,22.49
J&KBANK,5.5,5.5
CUB,12.21,12.21
ASTRAZEN,189.25,99.35
AXISBANK,12.96,12.96
SONATSOFTW,59.86,4.64
KOKUYOCMLN,38.49,38.49
DHANBANK,34.72,34.72
SANGHVIMOV,18.62,18.62
IVC,70.92,70.92
JINDALSTEL,18.28,18.28
NIPPOBATRY,2.82,2.82
HCLTECH,30.09,30.09
ACCELYA,24.88,24.94
NRBBEARING,10.82,27.33
BIL,70.48,70.48
KTKBANK,5.97,5.97
AJANTPHARM,40.79,40.79
CALSOFT,47.67,47.67
TVSMOTOR,56.94,56.94
PNC,29.08,29.08
REPRO,264.45,264.45
HAVELLS,73,73
BALAJITELE,94.99,94.99
MRO-TEK,28.65,28.65
KHANDSE,72.99,72.99
MARKSANS,39.21,39.21
GODREJCP,,61.96
LUPIN,35.87,35.87
BHARTIARTL,86.29,73.79
ASAL,51.6,51.6
APTECHT,49.59,43.29
OFSS,41.51,41.51
NUCLEUS,18.87,18.87
OMAXAUTO,7.29,
RADICO,105.93,105.93
VARDHACRLC,25.89,25.89
JSL,23.72,23.71
IGL,20.52,20.52
PTC,9.81,9.6
VAIBHAVGBL,37.83,36.18
XPROINDIA,53.98,51.97
LT,30.89,31.03
CENTEXT,23.32,23.67
NIITLTD,53.79,53.79
GULFPETRO,13.9,13.9
ASTRAMICRO,61.62,61.62
NTPC,18.21,18.21
JBMA,88.45,88.45
XCHANGING,40.99,40.99
CONSOFINVT,11.95,11.95
EVEREADY,61.61,61.61
GOKEX,48.78,48.78
SHOPERSTOP,424.49,348.07
CYBERMEDIA,17.3,22.45
SURYALAXMI,51.81,27.78
63MOONS,16.75,16.75
VHL,474.27,56.1
YESBANK,34.79,34.79
SPLIL,13.34,13.33
GOLDIAM,38.53,38.53
FCSSOFT,,60.39
SUZLON,88.35,85.96
TRIVENI,28.28,28.28
AIAENG,32.04,32.06
EKC,19.37,19.01
NITINSPIN,14.85,14.85
ENIL,30.1,30.1
JAGRAN,11.48,11.48
SAKUMA,15.61,15.61
KEC,62.93,62.93
INDOTECH,51.08,51.08
BLKASHYAP,26.79,28.8
CENTURYPLY,66.53,65.03
VAKRANGEE,429.07,448.28
GALLANTT,23.78,23.78
UTTAMSUGAR,10.96,10.96
KKCL,22.97,22.97
GPIL,14.85,14.86
LOKESHMACH,50.76,50.76
SWELECTES,30.78,72.24
KAMDHENU,24.24,24.24
PIONEEREMB,52.96,52.96
JKLAKSHMI,23.75,24.16
MUNJALAU,33.4,19.94
GRINDWELL,62.9,62.86
VOLTAMP,43.08,43.08
SELAN,23.97,23.97
ACE,43.65,43.65
HOVS,30.68,30.68
BINANIIND,32.73,
TALBROAUTO,18.93,26.95
GEECEE,16.91,16.91
FIEMIND,22.94,22.94
GESHIP,5.96,5.96
SOBHA,400.51,400.58
HIRECT,84.57,69.86
PLASTIBLEN,19.94,19.94
PARACABLES,22.19,22.19
AVTNPL,24.76,24.76
PTL,21.39,21.39
GANDHITUBE,17.54,17.54
TIIL,24.34,23.73
PGIL,24.92,25.51
FSL,46.66,46.66
SMSPHARMA,40.6,40.6
PAGEIND,85.03,85.03
AMDIND,93.41,93.41
ASTRAL,88.03,88.03
THEMISMED,75.51,75.51
BALAMINES,31.67,31.67
BFUTILITIE,20.55,20.55
ALPHAGEO,29.46,17.02
HILTON,32.24,32.24
INSECTICID,18.78,18.78
NAVINFLUOR,66.4,80.92
NAGREEKEXP,18.93,18.93
HGS,60.72,60.72
DLF,80.55,80.55
ADSL,31.53,31.53
PURVA,146.19,146.19
NAGREEKCAP,1.07,1.07
POWERGRID,19.46,19.46
CCCL,.84,
MAANALU,31.69,31.69
DELTACORP,20.91,28.14
ENERGYDEV,46.02,46.02
BVCL,16.59,16.59
DLINKINDIA,20.62,20.62
MMTC,94,90.1
UNITEDTEA,13.61,13.61
DBREALTY,6.62,7.03
LGBBROSLTD,14.48,15.06
KIRLOSBROS,41.62,41.74
UMESLTD,118.05,118.05
IITL,10.96,14.49
WELINV,102.61,102.61
SASTASUNDR,9.06,9.13
WABAG,42.83,42.6
PRESTIGE,73.63,73.63
JINDWORLD,75.36,75.36
ZEELEARN,1.73,7.57
HFCL,49.31,49.31
MUTHOOTFIN,15.8,15.8
DHANUKA,27.26,27.26
ASAHISONG,74.65,72.86
DRREDDY,19.88,19.88
HINDOILEXP,13.22,15.62
MOTOGENFIN,87.16,87.16
ADORWELD,33.25,33.25
ATFL,621.59,2334.83
BIRLACABLE,88.79,88.79
HONAUT,73.14,73.14
SUNPHARMA,38.66,38.13
HCC,13.25,
IVP,20.19,20.19
NEULANDLAB,63.31,67.09
TAINWALCHM,73.19,73.19
IGARASHI,140.63,140.63
OSWALAGRO,388.73,386.21
ELECTCAST,10.34,10.34
FMGOETZE,16.22,16.22
GILLETTE,69.61,69.61
ESABINDIA,55.04,55.04
SMSLIFE,21.96,21.96
APEX,53.62,53.62
CAPACITE,19.96,19.96
SBILIFE,71.92,71.92
MASFIN,18.93,18.93
5PAISA,24.48,24.48
DNAMEDIA,.48,
SHIVATEX,189.52,189.52
AMBER,99.74,99.74
ASTERDM,48.21,48.21
HGINFRA,15.19,15.51
SUNDARMHLD,32.01,32.01
BANDHANBNK,10.12,10.12
SANDHAR,24.42,25.27
LEMONTREE,56.52,56.52
CHEMFAB,110.99,110.99
INDOSTAR,37.99,37.99
GAYAHWS,,101.98
FINEORG,34.93,34.89
VARROC,16.53,16.53
HBSL,3.53,3.53
CREDITACC,10.97,10.97
IRCON,22.49,22.49
TECHNOE,61.92,61.92
DALBHARAT,42.21,37.35
CHALET,257.03,257.03
THYROCARE,50.43,50.36
ARMANFIN,8.9,8.9
SALONA,26.73,26.73
TASTYBITE,189.88,189.88
CLEDUCATE,39.07,41.97
DOLLAR,32.78,32.57
TEJASNET,50.65,50.65
SALASAR,55.93,55.93
GANGESSECU,39.26,39.26
COCHINSHIP,42.31,42.31
DIXON,125.96,166.32
ICICIGI,86.7,86.7
TCPLPACK,25.56,25.56
TIINDIA,68.25,67.91
KHADIM,119.85,119.85
APOLLO,64.01,64.01
