SERIES,SYMBOL,SECURITY,RECORD_DT,BC_STRT_DT,BC_END_DT,EX_DT,ND_STRT_DT,ND_END_DT,PURPOSE
BE,PGHH,P&G HYGIENE & HEALTH CARE, ,20/11/2024,26/11/2024,19/11/2024, , ,AGM/DIV - RS 95 PER SH   
BE,SHRADHA,Shradha Infraprojects Ltd, ,11/11/2024,19/11/2024,08/11/2024, , ,EGM                      
BE,TDPOWERSYS,TD Power Systems Ltd.,11/11/2024, , ,11/11/2024, , ,INTDIV - RE 0.60 PER SH  
BE,DCMSHRIRAM,DCM Shriram Limited,11/11/2024, , ,11/11/2024, , ,INTDIV - RS 2 PER SH     
BE,CAMS,Computer Age Mngt Ser Ltd,08/11/2024, , ,08/11/2024, , ,INTDV/SPDV RS14.5&RS10.5 
BE,PETRONET,PETRONET LNG LIMITED,08/11/2024, , ,08/11/2024, , ,INTDIV - RS 7 PER SH     
BE,TCIEXP,TCI Express Limited,08/11/2024, , ,08/11/2024, , ,INTDIV - RS 3 PER SH     
BE,IRB,IRB Infrastructure Develo,08/11/2024, , ,08/11/2024, , ,INTDIV - RE 0.10 PER SH  
BE,GLOBAL,Global Education Limited, ,11/11/2024,19/11/2024,08/11/2024, , ,EGM                      
BE,ZEEL,Zee Entertain. Enterp.Ltd,08/11/2024, , ,08/11/2024, , ,DIV - RE 1 PER SH        
BE,JTLIND,JTL Infra Ltd,15/11/2024, , ,14/11/2024, , ,FVSPLT FRM RS 2 TO RE 1  
BE,JYOTISTRUC,Jyoti Structures Ltd, ,02/11/2024,09/11/2024,31/10/2024, , ,EGM                      
BE,ROTO,Roto Pumps Limited,08/11/2024, , ,08/11/2024, , ,FVSPLT FRM RS 2 TO RE  1 
BE,NUVAMA,Nuvama Wealth Manage Ltd,07/11/2024, , ,07/11/2024, , ,INTDIV-RS 63 PER SH      
BE,DIACABS,Diamond Power Infra Ltd, ,09/11/2024,15/11/2024,08/11/2024, , ,EGM                      
BE,RGL,Renaissance Global Ltd, ,09/11/2024,16/11/2024,08/11/2024, , ,EGM                      
BE,ROSSARI,Rossari Biotech Limited, ,05/11/2024,11/11/2024,04/11/2024, , ,EGM                      
BE,SYMPHONY,Symphony Limited,07/11/2024, , ,07/11/2024, , ,INTDIV - RS 2 PER SH     
BE,SHAREINDIA,Share Ind. Securities Ltd,07/11/2024, , ,07/11/2024, , ,INTDIV - RS 0.50 PER SH  
BE,NAVINFLUOR,Navin Fluorine Internatio,07/11/2024, , ,07/11/2024, , ,INTDIV - RS 5 PER SH     
BE,ITI,ITI Limited (Depository), ,02/11/2024,08/11/2024,31/10/2024, , ,ANNUAL GENERAL MEETING   
BE,DLINKINDIA,D-Link India Ltd,12/11/2024, , ,12/11/2024, , ,INTDIV - RS 5 PER SH     
BE,IRFC,Indian Railway Fin Corp L,12/11/2024, , ,12/11/2024, , ,INTDIV - RE 0.80 PER SH  
BE,IGL,Indraprastha Gas Limited,12/11/2024, , ,12/11/2024, , ,INTDIV - RS 5.50 PER SH  
BE,DABUR,DABUR INDIA LTD,08/11/2024, , ,08/11/2024, , ,INTDIV - RS 2.75 PER SH  
BE,RECLTD,Rural Electrification Cor,08/11/2024, , ,08/11/2024, , ,INTDIV - RS 4 PER SH     
BE,GLAXO,GlaxoSmithKline Pharmaceu,07/11/2024, , ,07/11/2024, , ,INTDIV - RS 12 PER SH    
BZ,JYOTISTRUC,Jyoti Structures Ltd, ,02/11/2024,09/11/2024,31/10/2024, , ,EGM                      
EQ,PGHH,P&G Hygiene & Healthcare, ,20/11/2024,26/11/2024,19/11/2024, , ,AGM/DIV - RS 95 PER SH   
EQ,JTLIND,JTL Infra Ltd,15/11/2024, , ,14/11/2024, , ,FVSPLT FRM RS 2 TO RE 1  
EQ,TDPOWERSYS,TD Power Systems Ltd.,11/11/2024, , ,11/11/2024, , ,INTDIV - RE 0.60 PER SH  
EQ,DCMSHRIRAM,DCM Shriram Limited,11/11/2024, , ,11/11/2024, , ,INTDIV - RS 2 PER SH     
EQ,CAMS,Computer Age Mngt Ser Ltd,08/11/2024, , ,08/11/2024, , ,INTDV/SPDV RS14.5&RS10.5 
EQ,PETRONET,Petronet LNG Limited,08/11/2024, , ,08/11/2024, , ,INTDIV - RS 7 PER SH     
EQ,TCIEXP,TCI Express Limited,08/11/2024, , ,08/11/2024, , ,INTDIV - RS 3 PER SH     
EQ,IRB,IRB Infrastructure Develo,08/11/2024, , ,08/11/2024, , ,INTDIV - RE 0.10 PER SH  
EQ,ZEEL,Zee Entertain. Enterp.Ltd,08/11/2024, , ,08/11/2024, , ,DIV - RE 1 PER SH        
EQ,GLOBAL,Global Education Limited, ,11/11/2024,19/11/2024,08/11/2024, , ,EGM                      
EQ,JYOTISTRUC,Jyoti Structures Ltd, ,02/11/2024,09/11/2024,31/10/2024, , ,EGM                      
EQ,ROTO,Roto Pumps Limited,08/11/2024, , ,08/11/2024, , ,FVSPLT FRM RS 2 TO RE  1 
EQ,NUVAMA,Nuvama Wealth Manage Ltd,07/11/2024, , ,07/11/2024, , ,INTDIV-RS 63 PER SH      
EQ,DIACABS,Diamond Power Infra Ltd, ,09/11/2024,15/11/2024,08/11/2024, , ,EGM                      
EQ,RGL,Renaissance Global Ltd, ,09/11/2024,16/11/2024,08/11/2024, , ,EGM                      
EQ,ROSSARI,Rossari Biotech Limited, ,05/11/2024,11/11/2024,04/11/2024, , ,EGM                      
EQ,SYMPHONY,Symphony Limited,07/11/2024, , ,07/11/2024, , ,INTDIV - RS 2 PER SH     
EQ,SHAREINDIA,Share Ind. Securities Ltd,07/11/2024, , ,07/11/2024, , ,INTDIV - RS 0.50 PER SH  
EQ,NAVINFLUOR,Navin Fluorine Internatio,07/11/2024, , ,07/11/2024, , ,INTDIV - RS 5 PER SH     
EQ,ITI,ITI Ltd., ,02/11/2024,08/11/2024,31/10/2024, , ,ANNUAL GENERAL MEETING   
EQ,DLINKINDIA,D-Link India Ltd,12/11/2024, , ,12/11/2024, , ,INTDIV - RS 5 PER SH     
EQ,IRFC,Indian Railway Fin Corp L,12/11/2024, , ,12/11/2024, , ,INTDIV - RE 0.80 PER SH  
EQ,IGL,Indraprastha Gas Limited,12/11/2024, , ,12/11/2024, , ,INTDIV - RS 5.50 PER SH  
EQ,DABUR,Dabur India Ltd.,08/11/2024, , ,08/11/2024, , ,INTDIV - RS 2.75 PER SH  
EQ,RECLTD,Rural Electrification Cor,08/11/2024, , ,08/11/2024, , ,INTDIV - RS 4 PER SH     
EQ,GLAXO,GlaxoSmithKline Pharmaceu,07/11/2024, , ,07/11/2024, , ,INTDIV - RS 12 PER SH    
EQ,SHRADHA,Shradha Infraprojects Ltd, ,11/11/2024,19/11/2024,08/11/2024, , ,EGM                      
GB,SGBNOV24,2.50% GOLDBONDS2024 TR-VI,13/11/2024, , , , , ,REDEMPTION               
GS,824GS2033,GOI LOAN 8.24% 2033,08/11/2024, , ,08/11/2024, , ,INTEREST PAYMENT         
GS,761GS2030,GOI LOAN 7.61% 2030,08/11/2024, , ,08/11/2024, , ,INTEREST PAYMENT         
GS,915GS2024,GOI LOAN 9.15% 2024,12/11/2024, , , , , ,REDEMPTION               
IV,BHINVIT,Bharat Highways INVIT,08/11/2024, , ,08/11/2024, , ,DIV/DISTRIB - RS 2.20    
M3,IBULHSG,Sec Re NCD 9.25% Sr II,12/11/2024, , ,12/11/2024, , ,INTEREST PAYMENT         
MD,IBULHSG,Sec Re NCD 9.25% Sr VIII,12/11/2024, , ,12/11/2024, , ,INTEREST PAYMENT         
MQ,IBULHSG,Sec Re NCD 9.25% Sr II,11/11/2024, , ,11/11/2024, , ,INTEREST PAYMENT         
MU,IBULHSG,Sec Re NCD 9.02% Sr V,11/11/2024, , ,11/11/2024, , ,INTEREST PAYMENT         
MV,IBULHSG,Sec Re NCD 9.48% Sr V,11/11/2024, , ,11/11/2024, , ,INTEREST PAYMENT         
MZ,IBULHSG,Sec Re NCD 9.25% Sr VIII,11/11/2024, , ,11/11/2024, , ,INTEREST PAYMENT         
N1,948SCL27D,Sec Re NCD 9.48% Sr V,11/11/2024, , ,11/11/2024, , ,INTEREST PAYMENT         
N1,1025SCL34B,Sec Re NCD 10.25% Sr XII,11/11/2024, , ,11/11/2024, , ,INTEREST PAYMENT         
N1,1003SCL31A,Sec Re NCD 10.03% Sr X,11/11/2024, , ,11/11/2024, , ,INTEREST PAYMENT         
N1,980SCL34B,Sec Re NCD 9.80% Sr XII,11/11/2024, , ,11/11/2024, , ,INTEREST PAYMENT         
N1,902SCL27C,Sec Re NCD 9.02% Sr V,11/11/2024, , ,11/11/2024, , ,INTEREST PAYMENT         
N1,925SCL29C,Sec Re NCD 9.25% Sr VIII,11/11/2024, , ,11/11/2024, , ,INTEREST PAYMENT         
N3,IBULHSG,Sec Re NCD 9.80% Sr XII,11/11/2024, , ,11/11/2024, , ,INTEREST PAYMENT         
N4,IBULHSG,Sec Re NCD 10.25% Sr XII,11/11/2024, , ,11/11/2024, , ,INTEREST PAYMENT         
N5,IBULHSG,Sec Re NCD 9.25% Sr II,11/11/2024, , ,11/11/2024, , ,INTEREST PAYMENT         
N7,UGROCAP,Sec Red NCD 10.50% Sr.III,11/11/2024, , ,11/11/2024, , ,INTEREST PAYMENT         
N8,IBULHSG,Sec Re NCD 9.02% Sr V,11/11/2024, , ,11/11/2024, , ,INTEREST PAYMENT         
N9,IBULHSG,Sec Re NCD 9.48% Sr V,11/11/2024, , ,11/11/2024, , ,INTEREST PAYMENT         
NA,IBUCCREDIT,SeReNCD8.75%SrVICI&II,11/11/2024, , ,11/11/2024, , ,INTEREST PAYMENT         
NB,IBUCCREDIT,SeReNCD8.84%SrVICIII&IV,11/11/2024, , ,11/11/2024, , ,INTEREST PAYMENT         
NC,IBULHSG,Sec Re NCD 9.57% Sr X,11/11/2024, , ,11/11/2024, , ,INTEREST PAYMENT         
ND,IBULHSG,Sec Re NCD 10.03% Sr X,11/11/2024, , ,11/11/2024, , ,INTEREST PAYMENT         
NT,SAMMAANCAP,Sec Re NCD 8.89% Sr.VIII,11/11/2024, , ,11/11/2024, , ,INTEREST PAYMENT         
NU,IBUCCREDIT,Sec Re NCD 9.80% Sr.V,11/11/2024, , ,11/11/2024, , ,INTEREST PAYMENT         
NV,SAMMAANCAP,UnSe Re NCD 8.89% Sr.X,11/11/2024, , ,11/11/2024, , ,INTEREST PAYMENT         
NW,SAMMAANCAP,UnSe Re NCD 9.35% Sr.X,11/11/2024, , ,11/11/2024, , ,INTEREST PAYMENT         
NX,DHANILOANS,Sec Re NCD 10.49% Sr.VII,08/11/2024, , ,08/11/2024, , ,INTEREST PAYMENT         
NY,IBUCCREDIT,Sec Re NCD 9.57% Sr.VIII,11/11/2024, , ,11/11/2024, , ,INTEREST PAYMENT         
NZ,IBUCCREDIT,Sec Re NCD 10.03% Sr.VIII,11/11/2024, , ,11/11/2024, , ,INTEREST PAYMENT         
RR,BIRET,Brookfield India RET,09/11/2024, , ,08/11/2024, , ,DIV/DISTRIB - RS 4.60    
RT,BIRET,Brookfield India RET,09/11/2024, , ,08/11/2024, , ,DIV/DISTRIB - RS 4.60    
SG,512BR24,SDL BR 5.12% 2024,07/11/2024, , , , , ,REDEMPTION               
SG,677TN24,SDL TN 6.77% 2024,11/11/2024, , , , , ,REDEMPTION               
SG,684RJ24,SDL RJ 6.84% 2024,11/11/2024, , , , , ,REDEMPTION               
SM,PULZ,Pulz Electronics Limited, ,01/11/2024,09/11/2024,31/10/2024, , ,EGM                      
SQ,PULZ,Pulz Electronics Limited, ,01/11/2024,09/11/2024,31/10/2024, , ,EGM                      
ST,PULZ,Pulz Electronics Limited, ,01/11/2024,09/11/2024,31/10/2024, , ,EGM                      
U1,948SCL27D,Sec Re NCD 9.48% Sr V,11/11/2024, , ,11/11/2024, , ,INTEREST PAYMENT         
U1,1025SCL34B,Sec Re NCD 10.25% Sr XII,11/11/2024, , ,11/11/2024, , ,INTEREST PAYMENT         
U1,1003SCL31A,Sec Re NCD 10.03% Sr X,11/11/2024, , ,11/11/2024, , ,INTEREST PAYMENT         
U1,980SCL34B,Sec Re NCD 9.80% Sr XII,11/11/2024, , ,11/11/2024, , ,INTEREST PAYMENT         
U1,902SCL27C,Sec Re NCD 9.02% Sr V,11/11/2024, , ,11/11/2024, , ,INTEREST PAYMENT         
U1,925SCL29C,Sec Re NCD 9.25% Sr VIII,11/11/2024, , ,11/11/2024, , ,INTEREST PAYMENT         
U3,IBULHSG,Sec Re NCD 9.80% Sr XII,11/11/2024, , ,11/11/2024, , ,INTEREST PAYMENT         
U5,IBULHSG,Sec Re NCD 9.25% Sr II,11/11/2024, , ,11/11/2024, , ,INTEREST PAYMENT         
U7,UGROCAP,Sec Red NCD 10.50% Sr.III,11/11/2024, , ,11/11/2024, , ,INTEREST PAYMENT         
U8,IBULHSG,Sec Re NCD 9.02% Sr V,11/11/2024, , ,11/11/2024, , ,INTEREST PAYMENT         
U9,IBULHSG,Sec Re NCD 9.48% Sr V,11/11/2024, , ,11/11/2024, , ,INTEREST PAYMENT         
UA,IBUCCREDIT,SeReNCD8.75%SrVICI&II,11/11/2024, , ,11/11/2024, , ,INTEREST PAYMENT         
UB,IBUCCREDIT,SeReNCD8.84%SrVICIII&IV,11/11/2024, , ,11/11/2024, , ,INTEREST PAYMENT         
UC,IBULHSG,Sec Re NCD 9.57% Sr X,11/11/2024, , ,11/11/2024, , ,INTEREST PAYMENT         
UD,IBULHSG,Sec Re NCD 10.03% Sr X,11/11/2024, , ,11/11/2024, , ,INTEREST PAYMENT         
UT,SAMMAANCAP,Sec Re NCD 8.89% Sr.VIII,11/11/2024, , ,11/11/2024, , ,INTEREST PAYMENT         
UU,IBUCCREDIT,Sec Re NCD 9.80% Sr.V,11/11/2024, , ,11/11/2024, , ,INTEREST PAYMENT         
UV,SAMMAANCAP,UnSe Re NCD 8.89% Sr.X,11/11/2024, , ,11/11/2024, , ,INTEREST PAYMENT         
UW,SAMMAANCAP,UnSe Re NCD 9.35% Sr.X,11/11/2024, , ,11/11/2024, , ,INTEREST PAYMENT         
UX,DHANILOANS,Sec Re NCD 10.49% Sr.VII,08/11/2024, , ,08/11/2024, , ,INTEREST PAYMENT         
UY,IBUCCREDIT,Sec Re NCD 9.57% Sr.VIII,11/11/2024, , ,11/11/2024, , ,INTEREST PAYMENT         
UZ,IBUCCREDIT,Sec Re NCD 10.03% Sr.VIII,11/11/2024, , ,11/11/2024, , ,INTEREST PAYMENT         
Y3,IBULHSG,Sec Re NCD 9.25% Sr II,12/11/2024, , ,12/11/2024, , ,INTEREST PAYMENT         
YD,IBULHSG,Sec Re NCD 9.25% Sr VIII,12/11/2024, , ,12/11/2024, , ,INTEREST PAYMENT         
YQ,IBULHSG,Sec Re NCD 9.25% Sr II,11/11/2024, , ,11/11/2024, , ,INTEREST PAYMENT         
YU,IBULHSG,Sec Re NCD 9.02% Sr V,11/11/2024, , ,11/11/2024, , ,INTEREST PAYMENT         
YV,IBULHSG,Sec Re NCD 9.48% Sr V,11/11/2024, , ,11/11/2024, , ,INTEREST PAYMENT         
YZ,IBULHSG,Sec Re NCD 9.25% Sr VIII,11/11/2024, , ,11/11/2024, , ,INTEREST PAYMENT         

