SYMBOL,SERIES,SECURITY,HIGH/LOW,INDEX FLAG
21STCENMGM,BE,21ST CENTURY MGMT SERVICE,H
610GS2031,GS,GOI LOAN  6.10% 2031,H
A2ZINFRA,EQ,A2Z INFRA ENGINEERING LTD,H
ACCORD,SM,ACCORD SYNERGY LIMITED,H
AJOONI,BE,AJOONI BIOTECH LIMITED,H
AMBANIORGO,SM,AMBANI ORGOCHEM LIMITED,H
AMBICAAGAR,EQ,AMBICA AGAR & AROMAINDLTD,H
ANSALAPI,BZ,ANSAL PROP & INFRA LTD,H
ARROWGREEN,EQ,ARROW GREENTECH LIMITED,H
ARSHIYA,BE,ARSHIYA LIMITED,H
ARSSINFRA,BE,ARSS INFRA PROJ. LTD,H
ASHIMASYN,BE,ASHIMA LTD,H
ASIANHOTNR,EQ,ASIAN HOTELS (NORTH) LTD,H
ATALREAL,BE,ATAL REALTECH LIMITED,H
AVALON,EQ,AVALON TECHNOLOGIES LTD,H
AVROIND,BE,AVRO INDIA LIMITED,H
BALCO,ST,SOLVE PLASTIC PRODUCTS L,H
BASILIC,SM,BASILIC FLY STUDIO LTD,H
BFUTILITIE,BZ,BF UTILITIES LIMITED,H
BIRDYS,SM,GRILL SPLENDOUR SER LTD,H
CMMIPL,ST,CMM INFRAPROJECTS LIMITED,H
DANISH,ST,DANISH POWER LIMITED,H
DHRUV,EQ,DHRUV CONSULTANCY SER LTD,H
DHTL,ST,DOCMODE HEALTH TECH LTD,H
DNAMEDIA,BE,DILIGENT MEDIA CORP LTD.,H
DYNAMIC,ST,DYNAMIC SRVCS & SEC LTD,H
E2E,BE,E2E NETWORKS LIMITED,H
ESCONET,ST,ESCONET TECHNOLOGIES LTD,H
EUROTEXIND,BE,EUROTEX IND & EXPORTS LTD,H
EXCEL,EQ,EXCEL REALTY N INFRA LTD,H
EXICOM,EQ,EXICOM TELE SYSTEMS LTD,H
FEL,BZ,FUTURE ENTERPRISES LTD,H
FELDVR,BE,FUTURE ENTERPRISES LTD,H
FIDEL,SM,FIDEL SOFTECH LIMITED,H
FLFL,BZ,FUT LIFESTYLE FASH LTD,H
GAJANAND,ST,GAJANAND INTERNATIONAL L,H
GALAPREC,EQ,GALA PRECISION ENG LTD,H
GANGAFORGE,EQ,GANGA FORGING LIMITED,H
GATECHDVR,BE,GACM TECHNOLOGIES LIMITED,H
GAYAHWS,BE,GAYATRI HIGHWAYS LIMITED,H
GODHA,EQ,GODHA CABCON INSULAT LTD,H
GOENKA,BZ,GOENKA DIAMOND&JEWELS LTD,H
GSMFOILS,ST,GSM FOILS LIMITED,H
GSTL,SM,GLOBESECURE TECHNO LTD,H
HAVISHA,BE,SRI HAVISHA HOSP & INFR L,H
HECPROJECT,EQ,HEC INFRA PROJECTS LTD,H
HERCULES,EQ,HERCULES HOI. LTD.,H
HINDNATGLS,BE,HIND NATL GLASS & IND LTD,H
HITECHGEAR,BE,THE HI-TECH GEARS LIMITED,H
IITL,BE,INDUSTRIAL INV TRUST LTD,H
IMPEXFERRO,BZ,IMPEX FERRO TECH LIMITED,H
INDOWIND,EQ,INDOWIND ENERGY LTD,H
INFOLLION,SM,INFOLLION RESEARCH SER L,H
IPSL,ST,INTEGRATED PERSO SER LTD,H
ISHAN,ST,ISHAN INTERNATIONAL LTD,H
IZMO,BE,IZMO LIMITED,H
JETAIRWAYS,BZ,JET AIRWAYS (INDIA) LTD.,H
JFLLIFE,SM,JFL LIFE SCIENCES LIMITED,H
K2INFRA,SM,K2 INFRAGEN LIMITED,H
KBCGLOBAL,EQ,KBC GLOBAL LIMITED,H
KEEPLEARN,BE,DSJ KEEP LEARNING LTD,H
KEL,ST,KUNDAN EDIFICE LIMITED,H
KITEX,EQ,KITEX GARMENTS LTD,H
KKVAPOW,SM,KKV AGRO POWERS LTD.,H
KTL,ST,KALAHRIDHAAN TRENDZ LTD,H
LGHL,BE,LAXMI GOLDORNA HOUSE LTD,H
LOKESHMACH,EQ,LOKESH MACHINES LTD,H
MADHUCON,BE,MADHUCON PROJECTS LTD.,H
MAHAPEXLTD,BE,MAHA RASHTRA APEX COPR. L,H
MAHKTECH,EQ,MIRAEAMC - MAHKTECH,H
MANAKCOAT,EQ,MAN COAT METAL & IND LTD,H
MCLEODRUSS,EQ,MCLEOD RUSSEL INDIA LTD.,H
MCON,SM,MCON RASAYAN INDIA LTD,H
MEGASOFT,BE,MEGASOFT LTD,H
MIEL,ST,MANGLAM INFRA & ENG LTD,H
MOTISONS,BE,MOTISONS JEWELLERS LTD,H
MTEDUCARE,BE,MT EDUCARE LTD,H
NAGREEKCAP,EQ,NAGREEKA CAP & INFR.LTD,H
NAVINIFTY,EQ,NAVIAMC - NAVINIFTY,H
NECCLTD,EQ,NORTH EAST CARRY CORP LTD,H
NSIL,BE,NALWA SONS INVESTMENT LTD,H
OBSCP,ST,OBSC PERFECTION LIMITED,H
OSWALAGRO,BE,OSWAL AGRO MILLS LTD,H
PANACHE,BE,PANACHE DIGILIFE LIMITED,H
PANSARI,EQ,PANSARI DEVELOPERS LTD,H
PKTEA,EQ,THE P K TEA PROD CO LTD,H
PREMEXPLN,EQ,PREMIER EXPLOSIVES LTD,H
PREMIER,BE,PREMIER LIMITED,H
PRITIKA,ST,PRITIKA ENG COMPO LTD,H
PRIZOR,ST,PRIZOR VIZTECH LIMITED,H
PROLIFE,SM,PROLIFE INDUSTRIES LTD,H
QUADPRO,SM,QUADPRO ITES LIMITED,H
RAJRILTD,BE,RAJ RAYON INDUSTRIES LTD,H
RAJTV,BE,RAJ TV NETWORK LTD,H
RHL,EQ,ROBUST HOTELS LIMITED,H
RICHA,SM,RICHA INFO SYSTEMS LTD,H
RPOWER,BE,RELIANCE POWER LTD.,H
RVHL,EQ,RAVINDER HEIGHTS LIMITED,H
S&SPOWER,BE,S&S POWER SWITCHGEARS,H
SAHAJSOLAR,ST,SAHAJ SOLAR LIMITED,H
SANWARIA,BZ,SANWARIA CONSUMER LIMITED,H
SETCO,EQ,SETCO AUTOMOTIVE LTD,H
SETUINFRA,BZ,SETUBANDHAN INFRA LTD,H
SGL,BE,STL GLOBAL LIMITED,H
SHAHALLOYS,BE,SHAH ALLOYS LIMITED,H
SHAKTIPUMP,BE,SHAKTI PUMPS (I) LTD,H
SHYAMTEL,BE,SHYAM TELECOM LIMITED,H
SIDDHIKA,SM,SIDDHIKA COATINGS LIMITED,H
SITINET,BE,SITI NETWORKS LIMITED,H
SJLOGISTIC,ST,S J LOGISTICS (INDIA) LTD,H
SLONE,SM,SLONE INFOSYSTEMS LIMITED,H
SOLEX,SM,SOLEX ENERGY LIMITED,H
SOTAC,SM,SOTAC PHARMACEUTICALS LTD,H
SOUTHWEST,EQ,SOUTH WEST PINNACLE LTD,H
SRPL,BE,SHREE RAM PROTEINS LTD.,H
SSFL,ST,SRIVARI SPICES N FOODS L,H
SUNDARAM,EQ,SUNDARAM MULTI PAP LTD,H
SUPERSPIN,BE,SUPER SPINNING MILLS LTD,H
SUPREMEPWR,ST,SUPREME POWER EQUIPMENT L,H
TARMAT,EQ,TARMAT LIMITED,H
TCIFINANCE,BE,TCIFINANCELTD-ROLL SETT,H
TECHERA,SM,TECHERA ENGINEER (IND) L,H
TECHLABS,SM,TRIDENT TECHLABS LIMITED,H
TECILCHEM,BE,TECIL CHEMICALS,H
TEMBO,BE,TEMBO GLOBAL IND LTD,H
TERASOFT,EQ,TERA SOFTWARE LIMITED,H
THEINVEST,EQ,THE INVEST TRUST OF IND L,H
TPHQ,EQ,TEAMO PRODUCTIONS HQ LTD,H
TPLPLASTEH,BE,TPL PLASTECH LIMITED,H
TVSELECT,BE,TVS ELECTRONICS LTD,H
UCL-RE,ST,USHANTI COLOUR CHEM LTD,H
UHTL,ST,UNITED HEAT TRANSFER LTD,H
UTSSAV,ST,UTSSAV CZ GOLD JEWELS LTD,H
V2RETAIL,BE,V2 RETAIL LIMITED,H
VARDMNPOLY,BE,VARDHMAN POLYTEX LTD.,H
VIJIFIN,EQ,VIJI FINANCE LIMITED,H
VMARCIND,ST,V MARC INDIA LIMITED,H
VSCL,SM,VADIVARHE SPCLTY CHEM LTD,H
WANBURY,BE,WANBURY LIMITED,H
WEBELSOLAR,EQ,WEBSOL ENERGY SYSTEM LTD,H
WINDMACHIN,EQ,WINDSOR MACHINES LIMITED,H
YUDIZ,SM,YUDIZ SOLUTIONS LIMITED,H
AAREYDRUGS,BE,AAREY DRUGS & PHARM LTD,L
ABMINTLLTD,BE,ABM INTERNATIONAL LTD,L
AGARWALFT,SM,AGARWAL FLOAT GLASS I LTD,L
AKSHAR,BE,AKSHAR SPINTEX LIMITED,L
ASAHISONG,BE,ASAHI SONGWON COLOR LTD,L
AURUMPP1,X1,AURUM RS. 3.12 PPD UP,L
AUSOMENT,EQ,AUSOM ENTERPRISE LIMITED,L
CANARYS,SM,CANARYS AUTOMATIONS LTD,L
CCCL,BE,CONS. CONST. CONSORT LTD,L
CREATIVEYE,BE,CREATIVE EYE LIMITED,L
DHRUV,EQ,DHRUV CONSULTANCY SER LTD,L
DRL,SM,DHANUKA REALTY LIMITED,L
EUROTEXIND,BE,EUROTEX IND & EXPORTS LTD,L
FLEXITUFF,BE,FLEXITUFF VENTURES INT L,L
GATECHDVR,BE,GACM TECHNOLOGIES LIMITED,L
GAYAHWS,BE,GAYATRI HIGHWAYS LIMITED,L
GOLDENTOBC,BZ,GOLDEN TOBACCO LIMITED,L
GPECO,SM,GP ECO SOLUTIONS INDIA L,L
GRPLTD,BE,GRP LIMITED,L
HIGREEN,ST,HI GREEN CARBON LIMITED,L
HOLMARC,ST,HOLMARC OPTO MECHATRO L,L
INDOTECH,BE,INDO TECH TRANSFORM LTD.,L
JALAN,SM,JALAN TRANSOLU. INDIA LTD,L
JETAIRWAYS,BZ,JET AIRWAYS (INDIA) LTD.,L
JYOTISTRUC,EQ,JYOTI STRUCTURES LTD,L
KALYANIFRG,EQ,KALYANI FORGE LIMITED,L
KCK,ST,KCK INDUSTRIES LTD,L
KCPSUGIND,BE,KCPSUGARINDUS,L
KSHITIJPOL,EQ,KSHITIJ POLYLINE LIMITED,L
MAANALU,EQ,MAAN ALUMINIUM LIMITED,L
PANACEABIO,BE,PANACEA BIOTEC LTD.,L
PASHUPATI,ST,PASHUPATI COTSPIN LIMITED,L
PASUPTAC,BE,PASUPATI ACRYLON LIMITED,L
PREMIUM,ST,PREMIUM PLAST LIMITED,L
REGENCERAM,BE,REGENCYCERAMICS-LTD,L
RELINFRA,BE,RELIANCE INFRASTRUCTU LTD,L
RSSOFTWARE,BE,R. S. SOFTWARE (INDIA) LI,L
SATECH,ST,S A TECH SOFTWARE INDIA L,L
SECL,SM,SALASAR EXTERIOR CONT LTD,L
SEQUENT,BE,SEQUENT SCIENTIFIC LTD.,L
SMARTLINK,BE,SMARTLINK HOLDINGS LTD,L
TECHIN,BZ,TECHINDIA NIRMAN LIMITED,L
TOKYOPLAST,EQ,TOKYO PLAST INTL LTD,L
UMESLTD,EQ,USHA MARTIN EDU & SOL LTD,L
VELS,SM,VELS FILM INTERNATIONAL L,L
VISASTEEL,BE,VISA STEEL LIMITED,L
WINSOME,BZ,WINSOME YARNS LIMITED,L
WOCKPHARMA,EQ,WOCKHARDT LIMITED,L
WOMANCART,ST,WOMANCART LIMITED,L
ZEEMEDIA,BE,ZEE MEDIA CORPORATION LTD,L
