GAIN_LOSS,SECURITY,CLOSE_PRIC,PREV_CL_PR,PERCENT_CG
 ,Nifty 50 Sec., , , 
 , , , , 
G,APOLLO HOSPITALS ENTER. L,      7424.85,      6968.10,6.55
G,STATE BANK OF INDIA,       859.60,       854.80,.56
G,HDFC LIFE INS CO LTD,       711.70,       708.70,.42
G,TATA CONSULTANCY SERV LT,      4150.90,      4139.65,.27
G,DIVI S LABORATORIES LTD,      5959.95,      5954.15,.1
G,LARSEN & TOUBRO LTD.,      3646.55,      3645.45,.03
 , , , , 
L,HINDALCO  INDUSTRIES  LTD,       648.10,       708.20,-8.49
L,SHRIRAM FINANCE LIMITED,      3070.15,      3186.70,-3.66
L,GRASIM INDUSTRIES LTD,      2562.70,      2645.95,-3.15
L,TECH MAHINDRA LIMITED,      1651.00,      1693.55,-2.51
L,ADANI ENTERPRISES LIMITED,      2970.10,      3046.25,-2.5
L,TATA MOTORS LIMITED,       819.75,       839.70,-2.38
L,TATA CONSUMER PRODUCT LTD,       984.85,      1007.05,-2.2
L,SUN PHARMACEUTICAL IND L,      1790.95,      1827.45,-2
L,ULTRATECH CEMENT LIMITED,     11050.80,     11274.40,-1.98
L,INDUSIND BANK LIMITED,      1056.80,      1077.65,-1.93
L,ASIAN PAINTS LIMITED,      2842.85,      2897.30,-1.88
L,JSW STEEL LIMITED,       989.80,      1008.65,-1.87
L,ICICI BANK LTD.,      1278.70,      1302.35,-1.82
L,TITAN COMPANY LIMITED,      3120.85,      3177.05,-1.77
L,POWER GRID CORP. LTD.,       312.95,       318.50,-1.74
L,LTIMINDTREE LIMITED,      5886.00,      5990.15,-1.74
L,TATA STEEL LIMITED,       150.95,       153.62,-1.74
L,BAJAJ AUTO LIMITED,      9856.65,     10020.50,-1.64
L,HERO MOTOCORP LIMITED,      4816.00,      4892.80,-1.57
L,RELIANCE INDUSTRIES LTD,      1305.65,      1325.35,-1.49
L,MAHINDRA & MAHINDRA LTD,      2891.35,      2934.55,-1.47
L,BAJAJ FINANCE LIMITED,      6904.50,      7006.20,-1.45
L,BHARTI AIRTEL LIMITED,      1575.80,      1598.80,-1.44
L,OIL AND NATURAL GAS CORP.,       265.20,       269.05,-1.43
L,NTPC LTD,       403.80,       408.90,-1.25
L,ADANI PORT & SEZ LTD,      1353.10,      1370.00,-1.23
L,DR. REDDY S LABORATORIES,      1287.35,      1302.10,-1.13
L,INFOSYS LIMITED,      1803.05,      1823.70,-1.13
L,CIPLA LTD,      1576.15,      1594.05,-1.12
L,BAJAJ FINSERV LTD.,      1729.70,      1748.70,-1.09
 , , , , 
 ,Nifty Next 50 Sec., , , 
 , , , , 
G,SRF LTD,      2378.45,      2343.05,1.51
G,HINDUSTAN AERONAUTICS LTD,      4433.80,      4390.15,0.99
G,GAIL (INDIA) LTD,       210.43,       208.92,0.72
G,SIEMENS LTD,      7073.45,      7050.60,0.32
G,ZOMATO LIMITED,       255.22,       254.94,0.11
G,BANK OF BARODA,       262.75,       262.55,0.08
G,SBI CARDS & PAY SER LTD,       700.35,       700.05,0.04
 , , , , 
L,ADANI ENERGY SOLUTION LTD,       964.05,      1076.30,-10.43
L,TRENT LTD,      6505.50,      6955.45,-6.47
L,ADANI GREEN ENERGY LTD,      1642.70,      1721.15,-4.56
L,VEDANTA LIMITED,       457.90,       474.00,-3.4
L,DLF LIMITED,       803.40,       828.20,-2.99
L,SAMVRDHNA MTHRSN INTL LTD,       182.69,       187.77,-2.71
L,ADANI POWER LTD,       599.65,       616.30,-2.7
L,MARICO LIMITED,       631.65,       648.70,-2.63
L,BOSCH LIMITED,     35369.65,     36272.70,-2.49
L,ABB INDIA LIMITED,      6999.75,      7164.05,-2.29
L,ADANI TOTAL GAS LIMITED,       725.70,       742.30,-2.24
L,ZYDUS LIFESCIENCES LTD,       973.25,       995.10,-2.2
L,COLGATE PALMOLIVE LTD.,      2911.95,      2973.95,-2.08
L,AMBUJA CEMENTS LTD,       570.70,       582.65,-2.05
L,BERGER PAINTS (I) LTD,       516.25,       525.15,-1.69
L,CHOLAMANDALAM IN & FIN CO,      1283.00,      1304.55,-1.65
L,LIFE INSURA CORP OF INDIA,       929.70,       945.25,-1.65
L,INTERGLOBE AVIATION LTD,      3995.75,      4061.95,-1.63
L,INDIAN RAIL TOUR CORP LTD,       844.05,       857.35,-1.55
L,TORRENT PHARMACEUTICALS L,      3162.95,      3209.90,-1.46
L,JIO FIN SERVICES LTD,       321.55,       326.05,-1.38
L,GODREJ CONSUMER PRODUCTS,      1258.50,      1275.15,-1.31
L,POWER FIN CORP LTD.,       462.00,       467.55,-1.19
L,INFO EDGE (I) LTD,      7903.00,      7997.00,-1.18
L,TATA POWER CO LTD,       444.90,       449.30,-0.98
L,DABUR INDIA LTD,       534.50,       539.60,-0.95
L,SHREE CEMENT LIMITED,     24778.65,     25009.15,-0.92
L,ICICI LOMBARD GIC LIMITED,      1916.50,      1933.70,-0.89
L,BAJAJ HOLDINGS & INVS LTD,     10498.85,     10590.20,-0.86
L,AVENUE SUPERMARTS LIMITED,      3889.10,      3922.30,-0.85
 , , , , 
 ,OTHER SECURITIES, , , 
 , , , , 
G,FIDEL SOFTECH LIMITED,       162.30,       135.25,20
G,LOKESH MACHINES LTD,       393.60,       328.00,20
G,HERCULES HOI. LTD.,       239.61,       199.68,20
G,AVALON TECHNOLOGIES LTD,       707.60,       589.70,19.99
G,TERA SOFTWARE LIMITED,       101.98,        84.99,19.99
G,USHANTI COLOUR CHEM LTD,         6.50,         5.45,19.27
G,AATMAJ HEALTHCARE LIMITED,        32.80,        28.00,17.14
G,GALA PRECISION ENG LTD,      1310.35,      1118.80,17.12
G,JSW HOLDINGS LIMITED,     13046.50,     11186.65,16.63
G,NAMO EWASTE MANAGEMENT L,       258.70,       224.10,15.44
G,MACOBS TECHNOLOGIES LTD,       161.55,       140.00,15.39
G,ITI LTD,       266.49,       232.01,14.86
G,KIOCL LIMITED,       389.65,       342.90,13.63
G,CENTURY ENKA LTD,       709.40,       630.60,12.5
G,DCM SHRIRAM LIMITED,      1255.00,      1117.20,12.33
G,SRIVASAVI ADHESIVE TAPE L,       127.00,       114.20,11.21
G,PATEL INT. LOG. LTD,        24.28,        21.84,11.17
G,SEC RE NCD 9.90% SR IV,       790.00,       712.20,10.92
G,KRN HEAT EXCHANGE N REF L,       592.85,       537.50,10.3
G,BANARAS BEADS LTD,       146.10,       132.71,10.09
G,ADROIT INFOTECH LIMITED,        24.52,        22.29,10
G,ARROW GREENTECH LIMITED,      1085.85,       987.15,10
G,NORTH EAST CARRY CORP LTD,        36.57,        33.34,9.69
G,PENINSULA LAND LIMITED,        53.55,        48.86,9.6
G,SUYOG TELEMATICS LIMITED,      1867.40,      1704.10,9.58
G,ORTIN GLOBAL LIMITED,        21.10,        19.35,9.04
G,PYRAMID TECHNOPLAST LTD,       242.37,       222.43,8.96
G,BETA DRUGS LIMITED,      2160.15,      1984.50,8.85
G,ICE MAKE REFRIGERAT LTD,       934.50,       858.75,8.82
G,CREATIVE NEWTECH LIMITED,       995.70,       917.15,8.56
 , , , , 
L,SEC RE NCD 9.48% SR V,       702.00,       850.00,-17.41
L,UNSECURED NCD,      1775.50,      1975.05,-10.1
L,SHREE RAMA MULTI TECH LTD,        38.88,        42.79,-9.14
L,GP ECO SOLUTIONS INDIA L,       327.45,       360.25,-9.1
L,BOND 8.63% PA TF TII-SIIA,      1159.10,      1269.90,-8.73
L,VENKY S (INDIA) LIMITED,      1732.10,      1893.15,-8.51
L,SEC RED NCD 10.27% SR. VI,      1100.00,      1199.99,-8.33
L,PREMIER ENERGIES LIMITED,      1093.10,      1189.10,-8.07
L,WAAREE ENERGIES LIMITED,      3348.65,      3636.60,-7.92
L,SEC RE NCD 9.71% SR VIII,       850.00,       918.00,-7.41
L,STEEL CITY SECURITIES LTD,       109.94,       118.26,-7.04
L,BOND8.86% PA TF TR II S3B,      1283.13,      1374.00,-6.61
L,SHIVALIK BIMETAL CON. LTD,       627.10,       669.80,-6.38
L,JAINAM FER ALLOYS (I) LTD,       155.50,       166.00,-6.33
L,GLENMARK PHARMACEUTICALS,      1657.35,      1768.95,-6.31
L,8.91%S-R-NCD SERIES 3B,      1305.50,      1389.90,-6.07
L,DELAPLEX LIMITED,       224.95,       239.40,-6.04
L,MARINETRANS INDIA LIMITED,        22.05,        23.40,-5.77
L,HOAC FOODS INDIA LIMITED,       131.00,       139.00,-5.76
L,NITIN SPINNERS LIMITED,       405.95,       430.25,-5.65
L,BRAINBEES SOLUTIONS LTD,       590.90,       626.00,-5.61
L,BLUE STAR LIMITED,      1778.55,      1881.05,-5.45
L,ARIHANT CAPITAL MKTS LTD,       110.26,       116.45,-5.32
L,ALEMBIC PHARMA LTD,      1079.90,      1139.95,-5.27
L,FDC LIMITED,       518.95,       547.30,-5.18
L,NITIRAJ ENGINEERS LTD,       236.80,       249.64,-5.14
L,USHA MARTIN EDU & SOL LTD,         7.07,         7.45,-5.1
L,KSHITIJ POLYLINE LIMITED,         5.87,         6.18,-5.02
L,JYOTI STRUCTURES LTD,        36.37,        38.29,-5.01
L,WINDLAS BIOTECH LIMITED,      1072.05,      1128.55,-5.01
