SECURITY,NEW,PREVIOUS,NEW_STATUS
KEC INTL. LIMITED,1075,1068,H
COROMANDEL INTERNTL. LTD,1799,1789,H
MAN COAT METAL & IND LTD,65.81,64.35,H
TEMBO GLOBAL IND LTD,662.85,631.3,H
BLUE JET HEALTHCARE LTD,568,553.9,H
VILAS TRANSCORE LIMITED,566.5,539.6,H
ENTERO HEALTHCARE SOLU L,1584.25,1510.9,H
SPECTRUM TALENT MGMT LTD,205,199,H
SEC RE NCD 8.75% SR.III,1062,1055,H
MACOBS TECHNOLOGIES LTD,167,159,H
NAMO EWASTE MANAGEMENT L,263.7,230.2,H
MOS UTILITY LIMITED,321.85,315.15,H
TAC INFOSEC LIMITED,763.95,758.15,H
TRANSWORLD SHIP LINES LTD,399.95,399,H
URAVI T AND WEDG LAMP LTD,489.5,488.75,H
TILAKNAGAR INDUSTRIES LTD,364.5,354.7,H
INDUSTRIAL INV TRUST LTD,387.95,383.1,H
ARVIND SMARTSPACES LTD,977.05,974.9,H
DHRUV CONSULTANCY SER LTD,133.28,126.94,H
SHRADHA INFRAPROJECTS LTD,178,172.5,H
GSM FOILS LIMITED,94.95,90.45,H
MADHUSUDAN MASALA LIMITED,215,210,H
INSPIRISYS SOLUTIONS LTD,119.9,119.21,H
HEC INFRA PROJECTS LTD,160.52,152.88,H
TIRUPATI FORGE LIMITED,51.16,50.16,H
SEC RE NCD 9.90% SR VII,1020.5,1020.2,H
SLONE INFOSYSTEMS LIMITED,189.35,180.35,H
SAHASRA ELECTRONIC SOLU L,982,969.95,H
EMKAY GLOBAL FIN SERV LTD,301.5,295.6,H
EPACK DURABLE LIMITED,515,495.9,H
EXCELLENT WIRES N PACK L,76,75.5,H
SEC RE NCD 9% SR.IV,1031.55,1023.8,H
VINYAS INNOVATIVE TECH L,840.4,824.15,H
GANESH HOUSING CORP LTD,1195,1192,H
MANG.CHEM.FERT.LTD,163.48,160.8,H
CAPLIN POINT LAB LTD.,2176.75,2158.8,H
ARROW GREENTECH LIMITED,1085.85,1027,H
BETA DRUGS LIMITED,2179,2088,H
INNOVA CAPTAB LIMITED,877,848.8,H
NITCO LIMITED,121.74,119.36,H
SHREE VASU LOGISTICS LTD,359.95,357.25,H
TRANS & RECTI. LTD,1020,998.9,H
FOCUS LIGHTG & FIXTRS LTD,143.78,140.98,H
GODAVARI BIOREFINERIES L,373,360.25,H
DANISH POWER LIMITED,841.9,801.85,H
USHANTI COLOUR CHEM LTD,6.5,5.45,H
SEC RE NCD SR VI,1072.07,1055,H
ADITYA VISION LIMITED,451,449.95,H
FIRSTSOURCE SOLU. LTD.,390.85,388.9,H
ECLERX SERVICES LTD,3430,3345.3,H
VST TILLERS TRACTORS LTD,4887.35,4840,H
PUDUMJEE PAPER PRO. LTD,150.74,146.8,H
MIRAEAMC - MAFANG,105.22,102.75,H
ADIT BIRL SUN LIF AMC LTD,838,831.9,H
SUYOG TELEMATICS LIMITED,1900,1786.35,H
NUVAMA WEALTH MANAGE LTD,7489.75,7460,H
GOI TBILL 182D-20/02/25,98.22,97.83,H
SUPREME INFRA. LTD,134.35,131.72,H
INDO TECH TRANSFORM LTD.,2688.95,2624.6,H
CHAMAN LAL SETIA EXP LTD,381.8,360,H
EUREKA FORBES LIMITED,644,637.05,H
T T LIMITED,172,167.21,H
SHARDA CROPCHEM LTD.,822.95,822.9,H
JUBILANT PHARMOVA LTD,1309.9,1296.65,H
PANSARI DEVELOPERS LTD,182.47,176.45,H
AMI ORGANICS LIMITED,2130,2126.05,H
FIDEL SOFTECH LIMITED,162.3,161,H
DYNAMIC CABLES LIMITED,935,898.15,H
JAY BEE LAMINATIONS LTD,410.9,410,H
INDO THAI SEC LTD,1111,1089.25,H
RAGHAV PRODUCTIVITY ENH L,1600,1566.35,H
PARADEEP PHOSPHATES LTD,119.55,111.44,H
SEC RE NCD 9.65% SR IV,1015.1,1013.2,H
TREJHARA SOLUTIONS LTD,274,222.65,H
INTEGRATED PERSO SER LTD,301.8,296,H
GOI TBILL 182D-06/02/25,98.5,98.1,H
SONAM LIMITED,96.26,94.38,H
SEC RE NCD 10.15% SR I,996,977,H
KRISHNA DEF AND ALD IND L,701.1,700,H
REFRACTORY SHAPES LIMITED,127,124.55,H
GAYATRI RUBB AND CHEM LTD,484.5,478.25,H
GENESYS INTL CORPN LTD,865,855.85,H
PRECISION CAMSHAFTS LTD.,342,341.2,H
SRNCD SR VII,2555,2540,H
2.50%GOLDBONDS2028SR-VIII,8500,8400,H
KAYNES TECHNOLOGY IND LTD,6037.95,5936.95,H
INFOLLION RESEARCH SER L,473.05,451.45,H
E2E NETWORKS LIMITED,5487.65,5226.35,H
PRITIKA ENG COMPO LTD,178.2,175,H
PYRAMID TECHNOPLAST LTD,258.99,242.03,H
UTSSAV CZ GOLD JEWELS LTD,241.5,230,H
COFORGE LIMITED,7950,7908.25,H
CREATIVE NEWTECH LIMITED,1005,994.7,H
KRN HEAT EXCHANGE N REF L,636.75,537.5,H
BF UTILITIES LIMITED,979.05,932.45,H
ENSER COMMUNICATIONS LTD,311.8,305.7,H
ANIK INDUSTRIES LTD,104.04,102,H
GOI TBILL 364D-10/07/25,95.94,95.91,H
MIRAEAMC - BANKPSU,71.7,69.89,H
AARVEE DEN. & EXP. LTD,58.46,57.32,H
GOI TBILL 182D-30/01/25,98.62,98.3,H
R M DRIP & SPRINK SYS LTD,314.5,308.35,H
AVP INFRACON LIMITED,167.45,164.2,H
TAINWALA CHEMICAL AND PLA,332.8,331.28,H
OBEROI REALTY LIMITED,2089.9,2065.2,H
WELSPUN CORP LIMITED,806,794.75,H
WINDSOR MACHINES LIMITED,237.57,218.38,H
JSW HOLDINGS LIMITED,13249.9,11500,H
PANACHE DIGILIFE LIMITED,188.19,181.77,H
SOFTTECH ENGINEERS LTD,430.95,425,H
AGI INFRA LIMITED,1426.85,1420,H
EURO (I) FRESH FOODS LTD,226,223,H
GALA PRECISION ENG LTD,1342.55,1225,H
DIGICONTENT LIMITED,44.64,43.77,H
UNITED HEAT TRANSFER LTD,77.4,73.75,H
URBAN ENVIRO WASTE MGMT L,516,509.2,H
GE VERNOVA T&D INDIA LTD,1810,1769.6,H
GOI TBILL 182D-24/04/25,97.2,96.7,H
APOLLO HOSPITALS ENTER. L,7483.9,7316.95,H
DCW LTD,113,112.4,H
DCM SHRIRAM LIMITED,1275,1263.85,H
SRI ADHIKARI BRO TELE N L,1465.1,1436.4,H
GOI TBILL 182D-23/01/25,98.73,98.49,H
TEGA INDUSTRIES LIMITED,2328.9,2184.9,H
BLUE CHIP INDIA LIMITED,9.25,9.07,H
SEQUENT SCIENTIFIC LTD.,231,221.62,H
TV VISION LIMITED,20.07,19.68,H
V MARC INDIA LIMITED,470.65,448.25,H
S J LOGISTICS (INDIA) LTD,680.3,647.95,H
ESSEN SPECIALITY FILMS L,700.35,686.85,H
GOI TBILL 182D-13/03/25,98,97,H
HOLMARC OPTO MECHATRO L,201.95,198.8,H
RAYMOND LIFESTYLE LIMITED,1965,2015.2,L
CADSYS (INDIA) LIMITED,129.4,129.5,L
SATHLOKHAR SYN E&C GLOB L,388.75,396.65,L
MCNALLY BH. ENG. CO.LTD,3.66,3.7,L
LASA SUPERGENERICS LTD,27.39,27.95,L
SEJAL GLASS LIMITED,638.5,651.5,L
GACM TECHNOLOGIES LIMITED,0.84,1.1,L
PULZ ELECTRONICS LIMITED,86.75,88.5,L
HINDUSTAN MOTORS LIMITED,25.14,25.19,L
POSITRON ENERGY LIMITED,351.65,358.8,L
NECTAR LIFESCIENCES LTD.,37.34,38.11,L
8.92% TAX FREE NCD,1267,1276.92,L
KONTOR SPACE LIMITED,150.65,153.7,L
GROWWAMC - GROWWGOLD,75.65,75.9,L
PREMIUM PLAST LIMITED,38.85,38.9,L
RACHANA INFRA LTD,52.35,53.4,L
ARVIND AND COMPANY,101.85,103.9,L
SANGANI HOSPITALS LIMITED,77,78,L
VIVIANA POWER TECH LTD,914.15,932.8,L
FELIX INDUSTRIES LTD.,214.9,215,L
SEC RED NCD 10.40% SR.III,900.99,973,L
NANDAN DENIM LIMITED,5.94,6.07,L
A B COTSPIN INDIA LIMITED,347.85,354.95,L
KRISHNA DEF AND ALD IND L,686,690.2,L
TECHINDIA NIRMAN LIMITED,36.09,36.95,L
TREE HOUSE EDU LTD,16.41,16.75,L
8.67% TAX FREE NCD,1203,1217,L
SECUR CREDENTIALS LIMITED,3.73,3.81,L
LEAD REC AND RUB PROD LTD,100.25,102.3,L
ATMASTCO LIMITED,204.65,208.8,L
TBI CORN LIMITED,198.8,202.85,L
TEERTH GOPICON LIMITED,496.5,506.6,L
KAMDHENU VENTURES LIMITED,21.05,21.48,L
VARANIUM CLOUD LIMITED,18.2,18.55,L
DIGISPICE TECHNOLOGIES LT,30.7,30.9,L

