SYMBOL,SYMBOL P/E,ADJUSTED P/E
KAUSHALYA,2.71,2.71
HITECHCORP,27.28,28.2
TARIL,117.73,117.73
MANAKSIA,8.13,6.17
DVL,27.68,27.68
ARIES,16.61,16.61
CEATLTD,21.24,19.74
JKIL,16.07,16.07
KNRCON,10.78,10.78
SEPC,166.42,166.42
NAHARCAP,14.1,14.1
VGUARD,65.22,65.22
DPSCLTD,102.81,102.81
TITAGARH,52.13,51.85
BAJAJ-AUTO,35.57,35.57
RPGLIFE,47.9,47.9
RANEENGINE,19.52,16.5
LOTUSEYE,66.78,67.5
UBL,110.3,110.3
ZFCVINDIA,67.68,67.68
TPHQ,20.58,20.58
HINDNATGLS,1.9,1.04
MHRIL,68.08,68.08
EXCEL,64.25,64.25
NHPC,20.89,20.89
EXPLEOSOL,20.59,20.59
SUNTECK,82.65,82.65
SHILPAMED,160.86,173.15
JSWENERGY,60.63,60.63
BEARDSELL,21.23,21.23
WHIRLPOOL,88.89,84.9
THANGAMAYL,46.6,46.6
HATHWAY,44.03,43.65
MANINFRA,26.14,26.14
KIRLOSBROS,42.9,43.03
SJVN,45.66,48.79
KIRLOSIND,14.88,13.31
TI,39.2,37.46
BAJAJCON,21.88,21.88
ADFFOODS,43.15,43.15
DEEPAKNTR,44.96,48.35
ASHOKA,10.26,11.61
OBEROIRLTY,31.8,31.8
IOLCP,20.31,20.31
PENIND,26.95,26.95
KIRLOSENG,36.89,36.53
SURANASOL,493.92,493.92
LOVABLE,56.55,56.55
VADILALIND,20.71,20.71
VSTTILLERS,33.81,33.74
KARMAENG,110.87,145.64
RUSHIL,23.01,23.01
WHEELS,19.83,19.83
RIIL,165.09,165.09
RAYMOND,19.17,18.88
SHREDIGCEM,16.64,16.64
SMLISUZU,21.15,21.15
SUNDRMFAST,51.27,51.27
LMW,87.53,87.53
NELCO,113.95,113.95
LUMAXIND,42.54,42.54
KECL,91.94,320.65
KCP,10.79,10.71
INFY,28.07,28.07
IONEXCHANG,50.59,50.59
IFBIND,57.98,57.98
GNFC,17.9,17.9
GFLLIMITED,206.18,206.18
BHARATFORG,78.95,71.18
FORCEMOT,24.55,24.55
ARVIND,32.36,32.38
TATAMOTORS,9.2,9.15
LINDEINDIA,154.02,154.02
ESCORTS,40.53,40.53
ASHOKLEY,23.92,23.44
ZUARIIND,1.48,
SUNDARMFIN,35.33,33.88
VEDL,19.89,22.33
RELIANCE,23.24,23.24
DRREDDY,20.09,20.09
CHAMBLFERT,15.81,15.81
COROMANDEL,36.11,36.11
VINDHYATEL,24.39,24.39
PGHL,43.99,42.27
CENTENKA,24.4,24.4
VTL,18.4,18.4
EPL,39.57,37.51
SUPREMEIND,61.71,61.71
AEGISLOG,40.41,40.41
WEIZMANIND,24.18,24.18
BBOX,61.26,47.79
JTEKTINDIA,42.43,42.43
TATAELXSI,55.14,55.14
HCC,14.52,
APOLLOHOSP,95.1,95.21
BALKRISIND,34.05,34.05
RAJSREESUG,19.5,19.5
GVT&D,155.58,155.58
TAINWALCHM,73.18,73.18
BSL,22.72,22.72
MUNJALSHOW,20.91,19.63
RCF,54.24,59.8
DECCANCE,32.01,21.82
UFLEX,,10.68
THOMASCOOK,34.5,34.5
SIEMENS,102.14,102.14
VSTIND,23.81,23.81
TOKYOPLAST,143.11,143.11
IFCI,60.57,61.11
HLVLTD,53,53
HEIDELBERG,41.07,41.07
PRSMJOHNSN,89.42,
PIDILITIND,83.8,81.68
HONDAPOWER,41.51,43.3
RUBYMILLS,17.79,17.79
BBL,41.22,41.22
DCMSHRIRAM,33.41,33.41
COSMOFIRST,25.22,25.22
CIPLA,28.7,27.77
GIPCL,15.65,15.65
HINDCOMPOS,21.38,21.38
OSWALGREEN,629.57,629.57
HUHTAMAKI,5.37,28.78
KAMATHOTEL,11.74,36.92
APOLLOTYRE,19.15,18.16
PRECWIRE,45.04,45.04
NILKAMAL,27.37,27.37
SEAMECLTD,23.78,25.2
AUROPHARMA,22.93,22.51
GICHSGFIN,7.47,7.47
BANARBEADS,27.99,27.99
WSTCSTPAPR,5.98,5.98
S&SPOWER,183.42,183.42
PRAJIND,44.57,48.12
EVERESTIND,159.31,211.8
KEEPLEARN,173.85,173.85
PGHH,76.21,76.21
BOMDYEING,1.59,
NAVNETEDUL,4.05,17.45
AGI,24.33,24.33
GLAXO,65.99,59.02
TATACONSUM,79.28,67.13
INDHOTEL,79.54,79.54
ORIENTHOT,74.47,74.47
3MINDIA,65.29,65.29
SCHAEFFLER,60.64,60.42
MFSL,101.81,101.81
SURYAROSNI,20.27,20.27
SAKHTISUG,4.42,
AKZOINDIA,44.63,44.63
GRASIM,18.35,17.65
FINCABLES,25.78,37.6
DCM,31.56,31.56
HEUBACHIND,41.94,41.94
NAVA,10.73,11.63
PEARLPOLY,40.64,40.64
KHAITANLTD,9.89,9.89
ANDHRSUGAR,33.06,31.3
SKFINDIA,45.73,45.73
MARICO,52.07,52.07
KEYFINSERV,6.46,6.46
MOTHERSON,41.99,40.88
HITECHGEAR,13.68,35.47
TVSSRICHAK,31.78,29.96
ELECTHERM,3.27,3.27
GANESHHOUC,20.12,20.12
MPHASIS,34.39,34.39
RUCHINFRA,27.44,87
HERITGFOOD,27.16,26.75
GAIL,14.02,14.02
CONCOR,41.56,40.71
SAREGAMA,51.09,51.09
ENGINERSIN,39.91,39.91
GMDCLTD,18.74,18.74
INDUSINDBK,10.3,10.3
J&KBANK,5.49,5.49
CUB,12.56,12.56
ASTRAZEN,198.51,104.21
AXISBANK,12.9,12.9
KOKUYOCMLN,41.98,41.98
SANGHVIMOV,19.68,19.68
JINDALSTEL,17.37,17.37
NIPPOBATRY,2.86,2.86
ICDSLTD,34.74,34.74
ACCELYA,25.55,25.61
STAR,47.95,44.59
ZYDUSLIFE,23.94,23.94
SHREERAMA,46.78,46.78
NRBBEARING,10.77,29.22
BLBLIMITED,12.37,12.37
BLUESTARCO,73.71,73.71
PNC,28.64,28.64
REPRO,80.28,80.28
USHAMART,30.98,30.98
TRIDENT,52.49,52.51
ACLGATI,221.58,
TCI,30.95,30.73
ASAL,53.97,53.97
SURANAT&P,35.3,35.3
UNIONBANK,6.05,6.05
GODREJIND,32.06,32.06
NSIL,48.21,48.21
PTC,10.2,9.99
MAHABANK,8.82,8.82
CENTEXT,24.59,24.96
TCS,31.43,30.96
COFORGE,61.83,62.5
ASTRAMICRO,64.1,64.1
PATELENG,15.04,19.66
CONSOFINVT,11.61,11.61
EVEREADY,63.7,63.7
IIFL,15.89,8.27
SSWL,5.06,15.14
SURYALAXMI,53.33,28.59
GEOJITFSL,20.05,20.05
SUZLON,98.53,95.86
AIAENG,33.3,33.32
ORIENTCER,32.5,35.91
EKC,20.95,20.56
ENIL,30.18,30.18
JAGRAN,11.9,11.9
M&MFIN,16.17,16.17
KEI,57.35,57.33
SOLARINDS,95.22,95.22
SUNTV,15.91,15.91
RSYSTEMS,42.01,42.01
BALPHARMA,26.3,26.3
RATNAMANI,43.29,43.29
ALLCARGO,172.82,104.65
EMAMILTD,40.26,39.99
TECHM,50.1,50.23
ANANTRAJ,74.52,74.52
ALICON,30.87,30.87
LTFOODS,24.3,24.3
RUCHIRA,9.27,9.27
NFL,34.58,34.58
PARACABLES,23.3,23.3
AVTNPL,25.45,25.45
VEEDOL,26.37,26.37
PTL,21.41,21.41
PITTIENG,49.46,49.46
TIIL,25.86,25.21
FSL,49.5,49.5
PAGEIND,85.49,85.49
JKTYRE,14.15,13.62
THEMISMED,75.43,75.43
BANSWRAS,22.83,22.83
NDLVENTURE,364.95,364.95
FORTIS,68.56,69.72
WEBELSOLAR,,113.56
V2RETAIL,100.71,100.71
CIEINDIA,23.51,23.51
INDOWIND,40.59,40.59
KSCL,15.41,15.41
RELIGARE,29.84,84.39
EDELWEISS,18.45,18.45
RGL,24.85,24.85
PGEL,92.94,92.94
TRITURBINE,74.92,74.92
DSSL,29.68,29.68
JISLDVREQS,1.64,1.64
VIKASECO,39.82,39.82
KANANIIND,214.7,214.7
DBSTOCKBRO,18.28,18.28
IRFC,30.91,30.91
RHIM,,43.13
SCHNEIDER,104.27,102.43
TBZ,29.71,29.71
SPECIALITY,27.02,27.02
RTNINDIA,9.13,8.74
THEJO,46.15,46.15
MAYURUNIQ,21.47,21.47
TVSHLTD,11.96,11.96
ZUARI,6.84,6.84
PCJEWELLER,479.59,479.59
INDUSTOWER,11.96,11.96
REPCOHOME,7.43,7.43
ATULAUTO,98.99,98.99
ORIENTCEM,40.03,40.03
SAMMAANCAP,8.8,8.8
MITCON,19.59,19.59
ORBTEXP,14.09,14.09
NATHBIOGEN,8.91,9.57
AGARIND,13.77,13.77
GULFOILLUB,18.65,18.65
SUPERHOUSE,16.24,26.1
INTELLECT,38.61,38.63
APOLSINHOT,54.45,54.45
MOLDTKPAC,38.1,38.1
GANECOS,98.45,98.45
INOXWIND,163.97,152.03
VRLLOG,71.34,71.78
PRIVISCL,55.39,55.39
ARROWGREEN,27.75,27.75
ALANKIT,23.82,23.82
BALKRISHNA,,16.43
AYMSYNTEX,51.89,82.28
PKTEA,14.97,14.97
SHARDAMOTR,20.8,20.8
GUJGASLTD,28.69,29.72
INDIGO,23.65,23.65
PERFECT,66.58,66.58
LUXIND,41.9,41.9
SALZERELEC,37.18,37.18
ALKEM,33.75,32.26
PRECAM,64.88,92.59
BHAGERIA,34.32,34.32
SEQUENT,391.51,
KDDL,24.86,24.92
WEALTH,31.03,31.03
SAGARDEEP,52.17,52.17
UNITEDPOLY,39.84,39.84
ALBERTDAVD,11.23,11.23
NAGAFERT,.32,.32
CONTROLPR,22.76,22.78
DAMODARIND,44.26,44.26
POKARNA,31.65,31.65
GPTINFRA,29.12,29.12
GROBTEA,44.84,44.84
LLOYDSENGG,89.34,89.34
LTIM,38.1,38.1
ADVENZYMES,39.2,36.6
SPAL,25.9,25.9
RBLBANK,8.84,8.84
MBAPL,71.99,71.99
GNA,18.65,18.65
MARATHON,22.53,22.53
JETKNIT,92.83,92.83
JAIPURKURT,11.94,11.94
SAKAR,55.62,55.62
AURDIS,14.59,14.59
PANSARI,56.97,56.97
ARTNIRMAN,106.86,106.86
ENDURANCE,43.53,43.53
GICL,65.33,65.33
PNBHOUSING,15.45,15.45
PODDARMENT,13.64,13.64
JETFREIGHT,16.37,18.08
SFL,57.13,89.55
TERASOFT,19.72,18.96
HISARMETAL,18.06,18.06
LIBAS,4.99,4.99
CAPTRUST,81.91,81.91
MAHESHWARI,12.23,12.23
MCL,19.58,19.58
PRICOLLTD,34.95,34.95
STEELCITY,11.3,11.3
KRISHANA,32.19,32.19
GLOBAL,12.27,12.27
NITIRAJ,26.89,26.89
SANGINITA,103.63,103.63
AKASH,34.1,34.1
RADIOCITY,74.74,74.74
AIRAN,13.42,13.42
EIFFL,239.2,239.2
NRAIL,6.8,6.8
CREATIVE,23.87,23.87
DEVIT,30.53,30.53
MKPL,31.06,31.06
PANACHE,,68.83
INFOBEAN,31.19,31.19
JALAN,,37.43
TEJASNET,53.13,53.13
GTPL,24.3,24.3
ACCORD,57.2,57.2
ACEINTEG,54.97,54.97
THEINVEST,42.25,42.25
TOTAL,666.27,666.27
WEWIN,29.21,29.21
SMSLIFE,24.36,24.36
SERVOTECH,213.99,213.99
PASHUPATI,220.45,220.45
MATRIMONY,37.65,37.65
SBILIFE,73.67,73.67
AARVI,20.94,20.94
AIROLAM,68.66,68.66
RKEC,12.86,12.86
GOLDSTAR,64.09,64.09
JASH,44.07,44.07
BETA,52.36,52.36
MILTON,20.85,20.85
MASFIN,19.17,19.17
DPABHUSHAN,47.13,47.13
NAM-INDIA,35.38,35.38
IFGLEXPOR,27.74,27.74
VERTOZ,75.45,75.45
SILVERTUC,48.48,48.48
ICEMAKE,55.49,55.49
DNAMEDIA,.45,
ONEPOINT,56.07,56.07
AJOONI,61.86,61.86
MOKSH,14.06,14.06
SILLYMONKS,74.3,74.3
SOLEX,200.93,200.93
GALAXYSURF,34.97,34.97
SOUTHWEST,39.31,41.45
ASTERDM,48.61,48.61
FIDEL,30.69,30.69
AXITA,27.18,27.18
PLAZACABLE,104.66,104.66
SENCO,45.1,45.1
USASEEDS,23.39,23.39
RADHIKAJWE,27.75,27.75
SPLPETRO,35.59,35.59
RAMRAT,41.84,41.84
CSLFINANCE,11.46,11.46
KORE,149.63,146.37
GOYALALUM,66.36,66.36
RUSTOMJEE,146.45,146.45
GENSOL,45.73,45.67
DBOL,85.09,85.09
GSLSU,50.72,50.72
SPORTKING,14.75,14.75
ALLETEC,39.12,39.12
MANORAMA,102.76,102.76
ISHAN,3305.51,3305.51
INNOVACAP,45.4,45.4
GRMOVER,21.45,21.45
SYNCOMF,70,69.95
DJML,64.57,64.57
BAHETI,42.05,42.05
SULA,38.99,38.99
SIGNATURE,361.23,361.23
KRITINUT,15.8,15.8
MEGAFLEX,59.99,59.99
KALAMANDIR,30.97,30.97
AVALON,209.27,209.27
RITEZONE,17.62,17.62
CONCORDBIO,61.15,61.15
BAIDFIN,17.46,17.46
QUICKTOUCH,11.97,11.97
AMIABLE,11.61,11.61
DOLLEX,10.6,10.6
BLUEJET,56.52,54.28
MVGJL,14.62,14.62
SCPL,19.08,19.08
SUKHJITS,15.29,15.29
ARHAM,53.09,53.09
MANKIND,51.83,51.83
SKYGOLD,100.1,100.1
ARIHANTACA,82.35,82.35
SATINDLTD,6.37,6.37
DIVGIITTS,57.27,57.27
PRITIKA,101.8,101.8
USK,12.21,12.21
MOTISONS,75.51,76.32
SRIVASAVI,31.45,31.45
DIACABS,316.52,312.2
IKIO,36.34,36.34
MANOMAY,22.79,22.79
FAZE3Q,24.49,24.49
RBMINFRA,74.26,74.26
LLOYDSME,36.21,36.21
AARTIPHARM,26.94,26.94
RHL,52.13,52.13
SAHYADRI,15.79,15.79
NINSYS,59.88,59.88
DUCOL,39.2,39.2
SBFC,30.64,30.64
SBGLP,126.88,126.88
ASMS,358.23,345.03
HYBRIDFIN,11.61,11.43
VIAZ,34.08,34.08
ZAGGLE,87.16,87.16
GANDHAR,19.08,19.08
MCON,53.54,53.54
HONASA,99.93,99.93
RISHABH,39.07,39.07
IRMENERGY,20.4,20.4
SAH,377.4,377.4
QFIL,19.18,19.18
CYIENTDLM,75.9,75.9
AGUL,15.71,15.71
AKI,115.29,115.29
YCCL,32.95,32.95
RPTECH,13.92,14.58
MOS,63.88,63.88
SECMARK,219.98,219.98
AUROIMPEX,16.43,16.43
IDEAFORGE,209.01,209.01
CRAYONS,17.46,17.46
SHRITECH,12.97,12.97
LAL,65.87,65.87
INFINIUM,89.19,89.19
POCL,52.11,52.11
AATMAJ,71.84,71.84
TATATECH,64.84,64.84
REMUS,52.97,52.97
NOVAAGRI,26.85,26.85
PENTAGON,16.65,16.65
CELLPOINT,248.92,248.92
GREENCHEF,36.71,36.71
PTCIL,501.23,501.23
PYRAMID,28.07,28.07
MAGSON,35.96,35.96
AEROFLEX,57.86,57.86
GHCLTEXTIL,20.8,20.8
MONOPHARMA,25.73,25.73
VPRPL,32.4,32.4
SYNOPTICS,16.28,16.28
CLSL,25.4,25.4
KIRLPNU,55.02,53.31
RRKABEL,65.78,65.79
COMMITTED,14.03,14.03
JLHL,54.04,54.37
NUVAMA,31.68,31.68
DRONE,70.05,70.05
SERVICE,34.78,34.78
KEL,47.93,47.93
NIITMTS,27.03,26.49
VINSYS,23.86,23.86
SAROJA,26.76,26.76
ORIANA,96.26,96.26
ASKAUTOLTD,43.21,43.21
ONDOOR,37.3,36.96
BAWEJA,36.6,36.6
SANDUMA,21.92,21.92
PLADAINFO,9.51,9.51
OLIL,22.76,22.76
KODYTECH,143.63,143.63
SCML,22.34,22.34
MUFIN,110.26,107.06
MAL,8.31,8.31
FLAIR,26.58,26.58
BASILIC,33.13,33.13
CELLECOR,53.54,53.54
MUTHOOTMF,8.41,8.41
JIOFIN,176.32,176.32
CPS,137.42,137.42
NEWJAISA,50.21,50.21
GOYALSALT,25.34,25.34
RCDL,19.88,19.88
BLSE,65.64,65.64
HOLMARC,58.16,58.16
TREL,5.67,36.23
MARCO,41.26,41.26
VISHNUINFR,27.12,27.12
INSPIRE,16.56,16.56
EPACK,82.99,82.99
GLOBUSSPR,43.39,43.39
RTNPOWER,.76,
ZYDUSWELL,40.71,40.71
REFEX,60.11,60.13
AHLUCONT,19.96,33.14
GODREJPROP,55.38,55.38
HINDCOPPER,79.75,79.75
NESTLEIND,67.73,69.06
UNITEDTEA,16.16,16.16
VASCONEQ,23.84,23.84
DBREALTY,7.1,7.55
LGBBROSLTD,15.11,15.71
ISFT,22.25,22.25
KSL,19.54,19.54
MANAPPURAM,5.86,5.86
IITL,11.25,15.36
WELINV,100.74,100.74
SASTASUNDR,9.08,9.15
WABAG,42.2,41.97
JWL,60.24,60.24
JINDWORLD,76.52,76.52
ZEELEARN,2.12,8.33
HFCL,49.25,49.25
MUTHOOTFIN,16.46,16.46
OMINFRAL,35.38,35.38
DELPHIFX,22.29,22.29
DHANUKA,27.21,27.21
LTF,14.3,14.3
BODALCHEM,325.78,325.78
NOCIL,33.75,33.75
CARBORUNIV,62.98,62.98
BALMLAWRIE,20.82,20.82
RAMCOCEM,59.57,59.57
ABREL,107.57,107.57
TORNTPHARM,60.29,62.84
HONAUT,75.67,75.67
SUNPHARMA,39.37,38.83
ARE&M,25.15,25.15
EICHERMOT,36.8,36.8
ZENSARTECH,26.15,26.15
KPIL,39.68,39.68
IGARASHI,150.79,150.79
HSCL,60.14,60.14
TATAPOWER,43.46,41.83
BHARATRAS,46.46,46.46
JUBLPHARMA,34.68,28.51
SOMANYCERA,31.68,33.01
LIBERTSHOE,70.75,55.3
MODTHREAD,11.47,11.47
MANGLMCEM,38.04,38.04
PCBL,33.43,33.43
HAPPYFORGE,57.78,57.78
IBLFL,72.05,72.05
INDIASHLTR,24.18,24.18
CELLO,52.19,52.19
CANARYS,43.77,43.77
DIGIDRIVE,30.89,30.89
DOMS,122.69,122.69
MAITREYA,55.65,55.65
DIGIKORE,66.35,66.35
AMNPLST,50.83,50.83
SARTELE,86.73,86.73
SAIFL,31.02,31.02
PARAGON,17.53,17.53
INOXINDIA,70.69,70.69
GRAPHISAD,63.14,62.91
SHEETAL,34.97,34.97
ROXHITECH,13.36,13.36
JYOTICNC,127.73,123.39
BAJEL,259.32,192.72
TECHLABS,115.06,115.06
SIGNPOST,33.24,33.24
ROCKINGDCE,82.94,82.94
BABAFP,15.11,15.11
SHREEOSFM,41.98,41.98
PRESSTONIC,78.8,78.8
HRHNEXT,403.13,403.13
MEGATHERM,32.2,32.2
KLL,49.94,49.94
SJLOGISTIC,70.55,70.55
AZAD,203.28,203.28
KONSTELEC,43.76,43.76
FONEBOX,90.06,90.06
ITALIANE,64.83,64.83
SUPREMEPWR,37.73,37.73
KCEIL,45.02,43.59
ACCENTMIC,16.69,16.69
COMSYN,54.62,54.62
LAWSIKHO,186.38,186.38
DAVANGERE,57.02,57.02
MAXPOSURE,48.95,48.95
DELAPLEX,42.21,42.21
EIHAHOTELS,30.44,30.44
JINDALSAW,11.22,11.22
STYRENIX,20.83,20.83
IDBI,13.7,13.7
CANFINHOME,14.12,14.12
ELECTCAST,11.97,11.97
KOTAKBANK,16.04,18.47
GOLDENTOBC,10.46,11.87
ANDHRAPAP,10.4,10.4
AARTIIND,39.1,39.1
KSB,69.2,69.2
SHREECEM,42.91,42.91
HINDALCO,14.77,14.48
FINPIPE,24.16,41.89
CGPOWER,124.42,123.55
BEL,49.05,49.05
CORALFINAC,10.4,10.4
DALMIASUG,13.81,13.81
MRF,25,25
STARPAPER,5.54,5.4
JAYAGROGN,15.16,15.16
AARTIDRUGS,29.63,29.63
WENDT,78.23,78.23
SHRIRAMFIN,15.09,15.09
DYNAMATECH,55.98,102.04
JCHAC,202.97,132.14
KOTHARIPET,19.3,19.21
INDNIPPON,23.48,23.48
ICICIBANK,18.56,18.56
NLCINDIA,18.9,18.9
HAVELLS,74.49,74.49
TIPSMUSIC,78.75,78.75
HIKAL,69.83,69.83
SMARTLINK,30.02,30.02
UNITDSPR,74.58,73.52
BHARTIARTL,88.4,75.6
APTECHT,41.86,37.85
CANBK,5.69,5.69
RADICO,111.69,111.69
BAGFILMS,24.71,24.71
WELSPUNLIV,22.04,22.04
IGL,20.09,20.09
TVTODAY,12.17,11.78
SIL,140.7,140.7
PETRONET,13.34,13.34
BIOCON,20.49,21.15
POONAWALLA,70.69,70.69
DATAMATICS,19.32,19.05
EXCELINDUS,48.27,48.27
AMBICAAGAR,13.81,13.81
ULTRACEMCO,49.79,49.58
TEXINFRA,384.68,384.68
GUFICBIO,54.53,54.53
WELENT,18.7,18.7
KOTARISUG,35.56,35.56
INDOCO,98.61,123.82
SUPRAJIT,42.08,42.08
JINDALPHOT,51.39,51.39
GOKEX,51.12,51.12
ALLDIGI,19.22,23.61
CYBERMEDIA,17.56,22.79
VHL,361.32,42.74
SPLIL,15.22,15.22
SASKEN,41.14,41.14
JMFINANCIL,,14.53
JINDRILL,21.59,21.59
HBLPOWER,55.27,51.77
LUMAXTECH,20.14,20.14
GANDHITUBE,17.7,17.7
UNOMINDA,73.38,75.16
ORIENTBELL,1637.43,1637.43
PFC,7.2,7.2
LAOPALA,31.16,31.16
NAHARPOLY,1698.44,1698.44
AROGRANITE,51.35,51.35
ZENITHSTL,17.55,17.55
TIMETECHNO,28.29,28.29
TARMAT,,149.69
ALPA,12.61,12.62
KPRMILL,38.42,38.42
MAGNUM,40.83,142.99
MANGCHEFER,17.07,17.07
CERA,40.09,39.88
JPOLYINVST,23.8,23.8
IREDA,39.06,39.06
CAPLIPOINT,33.05,33.05
PDSL,35.84,36.54
GENUSPAPER,81.76,81.76
LINC,25.84,25.84
HESTERBIO,90.87,90.87
IMAGICAA,234.97,55.25
BYKE,62.6,62.6
UFO,112.18,112.18
HINDCON,47.82,47.82
SARVESHWAR,46.19,46.19
MACPOWER,47.04,47.04
BDL,68.52,68.52
BANDHANBNK,10.59,10.59
MITTAL,34.93,65.15
GIRIRAJ,94.28,94.28
ISEC,13.7,13.7
KAPSTON,48.63,48.63
MIDHANI,83.79,83.79
AVG,18.11,28.41
MMP,31.36,31.36
NARMADA,32.23,32.23
BSHSL,74.09,74.09
MAHICKRA,44.95,44.95
AAKASH,18.18,18.18
GODHA,83.72,83.72
SOFTTECH,158.7,158.7
ORIENTELEC,82.46,82.46
E2E,281.09,281.09
SIRCA,42.56,42.56
SVLL,126.09,126.09
ADANIGREEN,214.84,171.55
PRITI,24.95,24.95
ACCURACY,23.06,23.06
RITES,30.8,30.8
GANGAFORGE,147.06,149.62
REPL,26.04,26.04
HBSL,2.82,2.82
AVROIND,41.61,41.61
TEMBO,25.88,26.58
AARON,40.31,40.31
SIGIND,16.37,16.37
SUMIT,54.6,54.6
LAGNAM,14.99,14.99
RPPL,22.73,22.73
AKG,48.83,48.83
IRCON,22.7,22.7
AHLADA,9.27,9.27
SPECTRUM,141.47,141.47
RAJMET,29.94,29.94
KSHITIJPOL,19.58,50.51
GRSE,49.5,49.5
SILGO,24.89,24.89
VINNY,24.36,24.36
MARINE,112.86,113.36
ATGL,119.24,119.24
TECHNOE,64.61,64.61
SHUBHLAXMI,20.91,20.91
SHRIRAMPPS,5.11,5.11
AWHCL,23.95,23.95
RPSGVENT,76.16,76.16
OSIAHYPER,19.69,19.69
ANUP,59.44,59.44
PAR,20.14,20.14
KHFM,178.83,178.83
RVNL,72.18,72.18
METROPOLIS,81.62,81.62
KPITTECH,55.42,55.42
NEOGEN,163.02,163.02
PPL,13.36,13.36
INDIAMART,31.21,31.21
WEL,192.1,192.1
CHEMCON,48.71,48.71
SPANDANA,29.82,29.82
DOLATALGO,13.9,13.9
UJJIVANSFB,6.37,6.37
MAZDOCK,35.41,35.41
SECL,1830.19,1830.19
SAFARI,63.88,63.88
360ONE,44.33,41.5
IIFLSEC,17.43,17.43
FLUOROCHEM,115.82,115.82
KUANTUM,7.45,7.45
CHEMBOND,18.73,19.25
MGEL,15.51,14.37
SBICARD,30.13,30.13
HOMEFIRST,30.31,30.31
CSBBANK,9.79,9.79
EASEMYTRIP,53.18,33.11
ROSSARI,32.5,32.5
PRINCEPIPE,28.33,30.7
ESAFSFB,4.74,4.74
PARKHOTELS,73.7,73.7
PATANJALI,68.82,68.82
SUMICHEM,58.2,58.2
ATALREAL,66.43,66.43
ASALCBR,29.61,29.61
UNIVPHOTO,14.34,14.34
BAFNAPH,696.01,307.65
POWERINDIA,315.03,315.03
STOVEKRAFT,78.61,78.61
RAJRATAN,36.58,36.58
AARTISURF,33.61,33.61
GLAND,44.22,44.22
NDRAUTO,53.99,53.99
MAXHEALTH,99.14,99.14
AAATECH,46.95,46.95
KALYANKJIL,114.53,114.53
BTML,113.94,113.88
UNIDT,38.68,38.68
SIGACHI,28.84,28.84
ANGELONE,20.14,20.14
NIRAJ,23.36,15.68
CAMS,54.92,54.92
SURYODAY,7.02,7.02
UTIAMC,18.42,18.42
BECTORFOOD,80.38,80.38
ORCHPHARMA,65.69,65.69
INDIGOPNTS,54.24,54.24
LXCHEM,57.9,57.9
MTARTECH,133.3,133.3
ANURAS,63.48,63.48
STYLAMIND,30.11,29.92
CLSEL,15.53,15.53
CARYSIL,37.12,37.12
SHAILY,72.42,72.42
MODISONLTD,32.49,32.05
FIBERWEB,12.86,12.86
BCLIND,15.23,15.23
BHAGCHEM,198.42,198.42
SBCL,50.27,50.27
SMCGLOBAL,6.99,6.99
QMSMEDI,22.02,22.02
NPST,603.97,603.97
ARIHANTCAP,16.14,16.14
SIDDHIKA,17.35,17.35
NAZARA,78.12,77.44
IPL,36.65,36.65
GENCON,18.28,18.28
LODHA,58.39,55.79
HLEGLAS,66.55,61.68
SONACOMS,77.73,76.61
UTKARSHBNK,8.73,8.73
DRCSYSTEMS,24.63,24.63
PARAS,102.32,102.32
CRAFTSMAN,44.1,44.1
DODLA,32.31,32.31
JUBLINGREA,68.35,68.31
ROLEXRINGS,34.97,31.73
WALPAR,35.71,35.71
SHYAMMETL,22.31,22.31
KIMS,64.95,64.95
MAKS,120.5,61.22
JSFB,6.4,6.4
TATVA,115.07,115.07
CLEAN,65.39,65.39
GLS,31.77,31.77
ABSLAMC,26.56,26.56
DEEPINDS,23.17,23.25
ZOMATO,303.6,303.6
PIXTRANS,23.25,23.25
MEDIASSIST,66.27,66.27
WINDLAS,39.57,39.57
CARTRADE,57.1,57.1
KRSNAA,43.27,43.27
EQUIPPP,2719.36,2719.36
DEVYANI,1453.34,257.14
APTUS,25.23,25.23
SUPRIYA,34.42,34.42
ANMOL,11.5,11.5
BMETRICS,22.38,22.38
VIJAYA,80.73,79.77
AMIORG,89.09,88.86
IWEL,94.34,86.75
VINEETLAB,369.58,369.58
SANSERA,50.72,50.72
BAJAJHCARE,,34.2
PRITIKAUTO,25.78,25.78
AAREYDRUGS,35.33,35.33
GRINFRA,13.42,16.71
INTLCONV,7.04,7.04
DUGLOBAL,664.58,664.58
STEELCAS,23.97,23.97
HPAL,35.09,35.37
UGROCAP,18.07,18.07
KPIGREEN,55.5,55.1
SGIL,51.05,51.05
ANANDRATHI,62.59,62.59
FINOPB,34.59,34.59
NYKAA,1006.99,1006.99
AWL,46.8,46.8
SAPPHIRE,740.9,398.21
DKEGL,13.59,13.59
PRUDENT,70.11,70.11
NUVOCO,259.66,259.66
TRACXN,124.63,124.63
FUSION,6.14,6.14
COASTCORP,80.38,80.38
MEDPLUS,129.93,129.93
RATEGAIN,59.23,59.23
MANORG,82.45,82.45
METROBRAND,78.05,78.05
PASUPTAC,12.59,12.59
FOODSIN,33.93,33.93
MAPMYINDIA,77.24,77.24
ABMINTLLTD,126.52,126.52
TMB,6.17,6.17
KRITI,34.25,34.25
DESTINY,102.74,102.74
GANESHBE,16.9,16.9
GVPTECH,74.98,74.98
MEDICAMEQ,105.25,105.25
SHIVALIK,56.87,56.87
PRECISION,17.5,17.5
JSLL,61.28,61.28
MEDANTA,59.81,59.81
AHL,21.96,21.96
NIDAN,,20.53
ASIANENE,50.74,47.84
NRL,72.92,72.92
CHOICEIN,67.25,67.25
GRWRHITECH,39.3,39.3
CAPITALSFB,11.12,11.12
DCMSRIND,13.83,13.83
EMUDHRA,91.14,91.14
FIVESTAR,19.7,19.7
STARTECK,17.55,17.55
SBC,53.35,53.35
DHRUV,34.16,34.16
RICHA,28.22,28.22
ELIN,71.71,71.71
SHIGAN,46.07,46.07
MADHAVBAUG,80.66,80.66
RELCHEMQ,104.82,104.82
SYRMA,78.42,78.42
ZIMLAB,31.59,31.59
CAMPUS,111.68,111.68
VENUSPIPES,40.09,40.09
AETHER,143.01,72.87
MEGASTAR,65.63,65.63
LANDMARK,49.68,49.04
RACE,627.12,627.12
ETHOSLTD,116.19,116.19
AGSTRA,127.46,127.46
MSUMI,43.14,43.14
KNAGRI,21.71,21.71
LEMERITE,154.34,154.34
HARSHA,37.79,37.79
OBCL,45.59,45.59
KCK,227.11,227.11
LICI,14.29,14.29
INDOAMIN,25.36,25.36
AMEYA,27.58,27.58
INOXGREEN,213.87,213.87
ACI,31.3,31.3
BIKAJI,75.82,75.82
SADHNANIQ,364.41,364.41
VEEKAYEM,42.3,42.3
HARDWYN,127.21,127.21
CHEVIOT,9.65,9.65
MWL,16.53,16.53
MEDICO,57.06,57.06
KFINTECH,59.78,59.78
DCXINDIA,55.52,55.52
AKSHAR,20.76,20.76
ARISTO,30.32,30.32
KAYNES,158.33,158.33
SABAR,10.63,10.63
TDPOWERSYS,50.51,50.51
APLLTD,35.55,35.55
VASWANI,17.26,17.26
PANAMAPET,11.56,11.56
PAISALO,22.68,22.72
ONELIFECAP,12.59,12.59
SHAKTIPUMP,27.98,27.98
POLYMED,98.24,98.24
RUPA,28.52,27.52
APLAPOLLO,73.39,73.39
MINDACORP,52.58,52.58
THOMASCOTT,24.56,24.56
COMPUSOFT,55.28,55.28
NBCC,61.69,47.49
HEXATRADEX,56.53,56.53
VSSL,22.71,22.71
SWANENERGY,21.93,21.93
KITEX,42.02,42.02
DUCON,28.94,28.94
VETO,14.79,14.79
CARERATING,38.66,38.66
JUSTDIAL,19.79,19.79
PILITA,72.78,72.78
SREEL,24.03,24.03
CASTROLIND,23.98,23.98
SDBL,23.18,23.18
HATSUN,85.42,85.42
GOCLCORP,29.06,26.66
SHARDACROP,31.97,31.97
CIGNITITEC,27.72,27.17
MONTECARLO,28.31,28.31
FCL,34.14,34.14
GULPOLY,59,59
LAMBODHARA,33.46,33.46
GRPLTD,73.64,68.19
VISHNU,35.19,35.19
MENONBE,9.43,9.43
JMA,8.85,8.85
MANAKALUCO,40.79,40.79
MANAKCOAT,33.03,33.03
ZENTEC,81.57,82.3
LFIC,5.96,5.96
AVANTIFEED,19.49,19.49
TPLPLASTEH,39.33,39.33
PNCINFRA,6.52,6.52
SYNGENE,75.5,79.26
RAMASTEEL,72.15,72.15
SATIN,4.04,4.04
ARVSMART,55.64,55.64
BALAXI,13.48,14.54
UMANGDAIRY,33.75,33.75
KRIDHANINF,,58.84
LINCOLN,13.97,13.97
OCCL,8.24,8.24
QUICKHEAL,109.49,109.49
VIDHIING,65.72,65.72
KELLTONTEC,22.71,22.71
HCG,127.57,135.09
BHARATWIRE,19.1,19.1
CROMPTON,54.87,54.87
SHRIPISTON,19.55,19.55
BLS,45.83,45.83
PREMEXPLN,93.15,93.15
MAHASTEEL,81.74,101.18
MGL,12.41,12.41
MOLDTECH,23.67,23.67
QUESS,29.24,28.58
MINDTECK,33.64,31.87
DBL,22.38,50.4
NDGL,20.63,20.63
BIGBLOC,65.33,65.33
CUPID,27.67,27.67
LTTS,41.94,41.94
ICICIPRULI,159.45,159.45
HPL,63.94,63.94
NIRAJISPAT,16.07,16.07
MAZDA,19.56,19.56
VBL,75.36,75.36
KINGFA,28.49,28.49
NBIFIN,147.83,147.83
TCIEXP,34.09,34.09
LAURUSLABS,205.23,205.23
ITDC,81.29,81.2
SPCENET,135.41,135.41
BHANDARI,24.84,24.84
BSE,123.57,123.57
JITFINFRA,20.48,23.58
DMART,95,95
URJA,483.01,483.01
PSPPROJECT,26.39,26.39
STARCEMENT,36.55,36.55
CDSL,61.89,61.89
DYNPRO,114.09,114.09
SALASAR,60.9,60.9
MAGADSUGAR,9.47,9.47
COCHINSHIP,47.07,47.07
ABCAPITAL,15.37,15.37
CAPACITE,20.92,20.92
ICICIGI,87.24,87.24
GODREJAGRO,43.87,43.87
GICRE,9.45,9.45
5PAISA,25.36,25.36
SHALBY,48.72,48.72
NEWGEN,63.21,63.21
AMBER,102.73,102.73
HMVL,27.6,27.6
PRAKASHSTL,4.25,72.09
ORISSAMINE,317.46,317.46
GREENPOWER,64.58,101.01
PRESTIGE,76.46,76.46
COALINDIA,7.81,7.81
RPPINFRA,11.03,11.03
PSB,54.53,54.53
STEL,59.83,59.83
DHUNINV,16.94,16.94
PIIND,40.24,40.24
INVENTURE,16.21,14
ASAHISONG,83.72,81.71
BATAINDIA,50.22,71.96
HINDOILEXP,13.9,16.42
MOTOGENFIN,87.46,87.46
ADORWELD,26.51,26.51
FEDERALBNK,12.02,12.02
BIRLACABLE,94.59,94.59
RANEHOLDIN,10.68,45.31
IVP,17.15,17.15
INDBANK,19.7,19.7
NEULANDLAB,64.98,68.87
BERGEPAINT,55.85,55.9
APCOTEXIND,39.66,39.66
KARURVYSYA,10.11,10.11
SUNFLAG,26.9,26.9
SPMLINFRA,139.15,164.57
TATACOMM,56.71,68.63
SANOFI,30.64,28.8
KAJARIACER,49.73,49.7
POLYPLEX,19.13,19.13
CHOLAFIN,28.59,28.59
ESABINDIA,58.33,58.33
PRAKASH,8.72,8.72
HEG,64.94,64.94
TIMKEN,64.17,64.17
INGERRAND,57.99,57.99
GSFC,15.75,15.8
DCW,262.55,243.89
BIRLACORPN,29.56,30.2
ASHAPURMIN,13.46,24.16
AUTOAXLES,17.9,17.9
SWARAJENG,24.96,24.96
TNPETRO,15.44,13.78
AUSOMENT,15.05,15.05
SILINV,22.76,22.76
SUNDRMBRAK,41.02,41.02
SOMATEX,7.43,
INDIANCARD,2.21,
MIRZAINT,47.07,47.07
MMFL,17.51,17.58
GUJRAFFIA,37.67,37.67
BANKBARODA,6.86,6.86
PNBGILTS,9.9,10.19
AXISCADES,49.24,49.24
MARKSANS,40.27,40.27
JISLJALEQS,114.81,114.81
PONNIERODE,10.16,10.16
OFSS,40.21,40.21
OMAXAUTO,7.55,
VARDHACRLC,26.68,26.68
SHOPERSTOP,432.28,354.46
JKPAPER,9.76,9.76
63MOONS,16.97,16.97
GENUSPOWER,80.07,80.07
GOLDIAM,41.51,41.51
GEECEE,20.44,20.44
DCBBANK,6.74,6.74
GESHIP,6.3,6.3
SOBHA,413.32,413.39
PLASTIBLEN,19,19
WANBURY,15.29,29.89
CTE,264.52,264.52
TTL,30.91,80.87
INDIANB,8.11,8.11
AMDIND,97.84,97.84
SKIPPER,55.59,55.59
ORICONENT,79.44,51.48
ADANIENSOL,414.05,65.95
MUTHOOTCAP,13.11,13.11
POWERMECH,35.5,35.45
SHREEPUSHK,20.41,20.41
IDFCFIRSTB,21.11,21.11
SHK,437.55,27.56
TTKHLTCARE,27.7,34.22
PILANIINVS,43.31,43.31
LALPATHLAB,63.73,63.73
NH,32.77,32.77
TEAMLEASE,46.13,47.65
HITECH,60.77,60.77
NECCLTD,26.8,26.8
GOKULAGRO,25.6,25.6
HECPROJECT,28.09,28.09
INFIBEAM,40.37,40.37
PARAGMILK,25.36,25.36
ASPINWALL,16.84,16.84
INCREDIBLE,31.95,31.95
TASTYBITE,193.02,193.02
CLEDUCATE,38.55,41.41
SIKKO,28.35,28.35
DOLLAR,31.57,31.37
BHAGYANGR,36.38,36.38
GLOBE,15.83,17.45
AUBANK,24.92,24.09
AVADHSUGAR,11.09,11.09
SIS,43.28,43.28
VAISHALI,141.93,141.93
GEEKAYWIRE,13.25,13.25
DIXON,128.09,169.13
CHOLAHLDNG,7.63,7.63
WORTH,12.18,12.18
DPWIRES,19.87,19.87
GATECHDVR,8.84,8.84
TCPLPACK,27.28,27.28
TIINDIA,77.23,76.85
KHADIM,134.11,134.11
ZODIAC,72.65,72.65
SHRADHA,14.68,14.68
TOUCHWOOD,48.12,48.13
BCONCEPTS,64.44,64.44
SINTERCOM,348.99,348.99
ARVEE,146.16,146.16
BANKA,70.39,70.43
RATNAVEER,30.38,30.38
ATAM,25.56,25.56
AARTECH,103.75,103.75
DOLPHIN,107.86,110.66
REDTAPE,81.42,81.42
NETWEB,162.96,162.96
EMSLIMITED,27.45,27.45
UDS,29.46,29.46
ATL,26.68,26.52
JSWINFRA,53.45,53.45
YASHO,52.57,52.57
SINDHUTRAD,31.19,31.18
MUFTI,21.3,21.3
SRGHFL,19.89,19.89
DIAMINESQ,86.88,86.88
KRITIKA,30.89,30.89
BBTCL,29.58,29.58
IRISDOREME,47.39,47.39
UNIPARTS,18,18
MSTCLTD,21.11,21.11
ARVINDFASN,60.43,58.41
POLYCAB,56.98,56.98
EMAMIPAP,6.79,6.79
CONFIPET,29.68,29.68
OAL,79.92,79.92
SATIA,6.4,6.4
AFFLE,72.46,72.46
WESTLIFE,559.43,559.43
HNDFDS,71.17,71.17
IRCTC,57.17,57.03
DCI,39.36,39.36
HPIL,131.37,131.37
VISHWARAJ,75.14,75.14
GREENPANEL,48.04,48.04
APOLLOPIPE,63.86,63.86
ROUTE,23.86,25.05
SIGMA,20.47,20.47
EQUITASBNK,12.7,12.7
HINDWAREAP,73.34,73.34
LIKHITHA,22.48,22.48
ARTEMISMED,67.76,67.76
LGHL,52.26,55.14
SUVENPHAR,140.17,140.17
KSOLVES,32.21,32.21
HAPPSTMNDS,49.56,51.69
BOROLTD,79.44,79.44
PAVNAIND,72,72
SHAREINDIA,13.97,13.95
ADL,199.27,199.27
ROML,115.22,115.22
RAILTEL,51.5,48.94
HERANBA,38.4,38.4
FAIRCHEMOR,27.9,27.9
ISGEC,37.13,37.13
STARHEALTH,32.81,32.81
YUKEN,68.62,68.62
SJS,35.78,35.78
POLICYBZR,361.83,433.75
MONARCH,23.94,23.93
EPIGRAL,37.28,37.28
GOCOLORS,74.85,74.85
CMSINFO,24.19,24.19
TARSONS,60.15,60.15
TEGA,69.96,69.96
LATENTVIEW,58.66,58.66
MICEL,35.94,40.1
PARADEEP,24.61,24.61
MANYAVAR,82.06,82.06
DMCC,59.8,59.8
EMIL,38.59,38.59
DATAPATTNS,71.78,71.78
MALLCOM,25.59,25.59
SMLT,23.9,23.9
RADIANTCMS,20.16,20.16
HARIOMPIPE,30.77,30.77
RAJRILTD,4913.22,4913.22
DYCL,44.6,44.6
VIRINCHI,30.94,30.94
ELDEHSG,23.88,23.88
MHLXMIRU,13.75,13.75
GATEWAY,18.54,18.54
JTLIND,34.13,34.13
RAINBOW,68.6,68.6
ROTO,46.41,46.41
INDOBORAX,15.36,15.36
AVONMORE,27.04,27.04
DREAMFOLKS,33.93,33.93
DHARMAJ,28.48,28.48
GMRP&UI,4.32,
TVSSCS,9210.93,232.69
FEDFINA,14.55,14.55
RITCO,32.98,32.98
SURAJEST,36.81,36.81
HMAAGRO,40.65,40.65
YATHARTH,45.59,45.59
NGLFINE,29.72,29.72
EMKAYTOOLS,15.41,15.41
KKVAPOW,127.01,127.01
PROLIFE,12.86,12.86
VSCL,983.13,983.13
TRANSWIND,25.92,25.92
CMMIPL,18.16,18.16
OMFURN,21.54,21.54
INNOVANA,23.03,23.03
MHHL,8.76,8.76
SWASTIK,27.96,27.96
AGNI,198.09,198.09
KANDARP,35.45,35.45
ARABIAN,28.65,28.65
ANNAPURNA,67.48,67.48
PHANTOMFX,18.28,18.28
IPSL,38.5,38.5
JIWANRAM,24.08,24.08
FROG,33.78,33.78
ANLON,56.97,56.97
VERTEXPLUS,116.31,116.31
SAHANA,90.67,90.67
HOMESFY,56.85,47.63
AGARWALFT,282.89,282.89
DENEERS,25.13,25.13
NIRMAN,44.69,44.69
SYSTANGO,20.3,20.3
SPECTSTM,39.42,39.42
INFOLLION,42.48,42.48
KRISHCA,36.69,36.69
TRIDHYA,14.53,14.53
PROV,80.66,80.66
EFACTOR,27.12,27.12
DENTALKART,66.4,66.4
SSFL,72.91,72.91
SAHAJ,20.29,20.29
GLOBALPET,61.28,61.28
PRAMARA,41.71,41.71
ZEAL,18.93,18.93
UNIHEALTH,25.41,25.41
CHAVDA,22.61,22.61
TRANSTEEL,11.2,11.06
SUNREST,107.71,107.71
KARNIKA,33.01,33.01
SAAKSHI,70.22,70.22
HIGREEN,71.55,71.55
MADHUSUDAN,32.43,32.43
WOMANCART,45.26,45.26
SHANTHALA,127.34,127.34
MICROPRO,16.97,16.97
MDL,63.5,59.35
PARIN,183.42,183.42
SURANI,585.57,585.57
PARTYCRUS,21.74,21.74
VMARCIND,38.04,38.04
BEWLTD,28.47,28.47
REXPIPES,16.56,16.5
QUADPRO,32.93,32.93
DYNAMIC,96.14,96.14
KOTYARK,37.48,37.48
COOLCAPS,234.59,234.48
EUROBOND,51.93,51.93
TIMESCAN,12.53,12.53
GSTL,73.76,73.76
KRISHIVAL,66.12,66.12
PROPEQUITY,25.6,25.6
SKP,64.78,64.78
CMRSL,13.92,11.4
JFLLIFE,23.38,23.38
COLPAL,55.06,55.06
JYOTHYLAB,48.02,48.02
KALYANIFRG,44.18,44.18
ECLERX,30.07,30
BRIGADE,64.06,64.06
PATINTLOG,22.61,22.61
AMBIKCO,14.35,14.35
CORDSCABLE,25.65,25.65
HERCULES,17.23,17.23
IRB,34.07,34.07
NMDC,12.03,11.61
GSS,25.61,25.61
RECLTD,9.43,9.43
NESCO,18.75,18.75
BAJAJFINSV,16.91,16.91
GOKUL,380.37,29.86
RBL,17.29,16.94
ARCHIDPLY,103.58,103.58
VINYLINDIA,27.51,27.51
JOCIL,76.06,76.06
COUNCODOS,33.69,33.69
MAWANASUG,8.63,8.63
AJMERA,27.22,27.22
GKWLIMITED,179.48,179.48
VINATIORGA,55.63,55.63
ADANIPOWER,18.74,18.74
OIL,10.34,10.35
AMRUTANJAN,50.1,50.1
DEN,10.6,10.6
SARDAEN,30.11,29.99
DLINKINDIA,21.34,21.34
DBCORP,12.86,12.86
MMTC,124.98,94.43
TRF,19.39,19.39
MBLINFRA,3.55,
JUBLFOOD,104.66,180.71
EMMBI,25.4,25.4
TEXMOPIPES,74.94,17.31
PERSISTENT,72.28,72.28
UMESLTD,132.26,132.26
IMFA,10.29,10.29
BLISSGVS,18.92,8.32
AHLEAST,10.26,13.89
UGARSUGAR,50.29,50.29
GPPL,26.44,24.35
KILITCH,47.61,47.61
CAREERP,15.53,15.53
RAMKY,15.35,15.35
CANTABIL,31.34,31.96
BEDMUTHA,27.26,27.26
CGCL,40.2,40.2
RESPONIND,38.69,38.69
GRAVITA,56.85,56.85
JAMNAAUTO,21.82,21.82
MOIL,20.07,20.07
A2ZINFRA,12.12,
KICL,40.47,53.65
SUMMITSEC,27.91,25.59
TEXRAIL,54.47,54.47
PFS,18.48,18.48
SYMPHONY,47.8,47.8
RELAXO,102.46,102.46
ASHIANA,45.98,45.98
MAITHANALL,4.16,4.16
ELGIRUBCO,24.47,151.58
FILATEX,21.06,21.06
PENINLAND,23.33,24.34
THERMAX,87.38,101.8
PREMIERPOL,25.05,25.05
SESHAPAPER,10.88,10.88
FACT,2248,273.85
EXIDEIND,45.62,45.62
ELECON,39.52,39.52
CRISIL,60.13,60.13
PEL,,48.01
MASTEK,24.49,25.04
MAHSCOOTER,74.18,77.34
TRENT,159.58,240.08
CUMMINSIND,63.26,63.21
JAYBARMARU,34.8,34.8
JBCHEPHARM,47.8,47.8
INDIAGLYCO,25.03,25.03
IGPL,46.59,46.59
HIMATSEIDE,19.46,19.46
BPCL,11.67,11.27
BASF,53.36,54.17
ATUL,63.46,63.46
ACC,21.78,24.64
SCI,13.85,13.85
MRPL,33.29,33.03
HINDPETRO,21.97,21.97
BAJAJHLDNG,78.94,78.94
VOLTAS,83.71,83.71
TITAN,86.99,86.99
TATASTEEL,74.43,64.23
SPIC,17.86,12.46
SBIN,11.04,10.26
PFIZER,39.38,39.81
BOSCHLTD,42.01,56.39
DEEPAKFERT,25.32,25.32
MAHSEAMLES,10.24,10.21
DICIND,,52.86
ASIANPAINT,55.24,55.24
BEML,60.33,60.33
TATACHEM,,47.71
ATFL,571.42,2146.37
VLSFINANCE,4.33,4.33
SRF,61.5,61.5
BALRAMCHIN,24.37,24.37
UNICHEMLAB,,3393.53
PRECOT,20.7,26.3
SHREYANIND,5.03,5.03
SANDESH,6.17,6.16
ASHIMASYN,6.42,6.42
ADANIENT,60.44,58.42
ONGC,7.2,7.01
TIL,9.09,
BANARISUG,30.38,30.38
JINDALPOLY,24.21,107.15
JYOTISTRUC,122.81,122.81
BLUEDART,64.1,64.1
JAYNECOIND,170.06,98.13
SOTL,19.88,19.88
RANASUG,21.87,21.87
ARENTERP,13.72,13.72
WSI,18.33,17.6
ADVANIHOTR,26.82,26.82
SUBROS,36.78,36.78
SIMPLEXINF,24.14,24.14
WIPRO,24.9,24.9
UNIVCABLES,51.26,51.26
MURUDCERA,53.47,53.47
M&M,33.33,33.33
KABRAEXTRU,44.59,44.59
3PLAND,37.18,37.18
OSWALAGRO,313.6,311.88
SAIL,20.85,14.06
ABB,89.94,89.94
GRAPHITE,9.8,36.95
BRITANNIA,62.62,62.05
DHAMPURSUG,14.35,14.35
DABUR,54.33,54.33
HEROMOTOCO,23.56,23.56
HDFCBANK,19.06,18.79
GMBREW,12.13,12.13
ITC,28.93,28.92
INDIANHUME,23.95,23.95
IOC,12.88,13.82
RICOAUTO,34.47,33.58
BANCOINDIA,20,20
MANINDS,18.94,18.94
SIYSIL,15.47,15.47
SHANTIGEAR,47.28,47.28
ONWARDTEC,32.4,32.4
NCC,24.97,24.33
ICIL,22.95,22.95
ELGIEQUIP,64.2,64.2
BBTC,9.89,9.53
EIHOTEL,35.58,35.11
LICHSGFIN,7.15,7.15
BEPL,19.25,19.25
MOREPENLAB,39.85,39.85
21STCENMGM,2.1,2.1
VENKEYS,19.78,19.78
GHCL,11.13,11.13
BPL,22.04,22.04
VESUVIUS,41.66,41.66
TFCILTD,15.37,15.37
GTL,.95,4.56
ZEEL,29.6,26.65
FMGOETZE,16.47,16.47
LYKALABS,970.07,489.99
GILLETTE,73.63,73.63
KANSAINER,37.79,37.79
FOSECOIND,44.66,44.87
GABRIEL,31.72,31.72
RALLIS,44.51,44.51
AMJLAND,16.35,16.35
KOPRAN,26.02,26.02
GREAVESCOT,,113.76
GODFRYPHLP,54.34,51.3
TATAINVEST,120.99,120.99
SUDARSCHEM,54.14,52.17
IPCALAB,71.49,77.54
HINDZINC,24.81,24.64
HINDUNILVR,57.13,57.06
AMBUJACEM,37.19,38.08
EIDPARRY,9.48,9.48
CESC,16.87,20.48
BHEL,511.39,511.39
BAJFINANCE,28.2,28.2
GREENPLY,37.93,41.43
TNPL,12.41,12.41
REMSONSIND,43.87,45.22
NATCOPHARM,15.84,15.84
GARFIBRES,38.1,38.1
TTKPRESTIG,56.93,56.93
EIMCOELECO,30.32,30.32
CUBEXTUB,36.68,36.68
SAMBHAAV,35.27,39.84
BIOFILCHEM,174.49,174.49
SANGAMIND,53.29,45.43
STERTOOLS,33.23,33.46
CREST,14.15,14.15
DENORA,37.53,37.53
PUNJABCHEM,34.07,34.07
GUJAPOLLO,30.84,30.84
JAGSNPHARM,66.35,60.04
ALKYLAMINE,64.86,64.86
RAMCOIND,29.81,29.81
INDRAMEDCO,26.89,26.89
MADRASFERT,20.24,12.45
SKMEGGPROD,10.75,10.75
BANKINDIA,7.83,7.83
KCPSUGIND,6.53,7.66
HUDCO,18.66,18.66
FDC,28.35,28.35
ADROITINFO,12.75,12.75
JAICORPLTD,95.11,95.11
MAHAPEXLTD,28.35,40.24
ASAHIINDIA,56.57,56.57
TRIGYN,24.01,24.01
KOTHARIPRO,33.35,33.35
SOUTHBANK,5.25,5.25
ITDCEM,31.18,31.18
CYIENT,30.97,29.41
SONATSOFTW,64.11,4.97
CYBERTECH,24.32,24.32
GOACARBON,8.84,8.84
DHANBANK,36.84,36.84
STCINDIA,19.56,12.54
RSSOFTWARE,26.24,26.24
NATIONALUM,19.46,22.58
IVC,73.87,73.87
ALEMBICLTD,34.97,34.97
BSOFT,26.04,26.04
HCLTECH,29.62,29.62
RAJESHEXPO,203.72,203.72
IOB,35.16,35.16
BIL,71.24,71.24
KTKBANK,6.15,6.15
AJANTPHARM,44.48,44.48
CALSOFT,47.55,47.55
TVSMOTOR,57.52,57.52
TAJGVK,24.56,24.56
CHENNPETRO,14.86,14.86
KRBL,13.46,13.46
GAEL,18.19,18.19
BALAJITELE,95.84,95.84
MRO-TEK,29.28,29.28
KHANDSE,71.54,71.54
GODREJCP,,64.72
LUPIN,43.19,43.19
MPSLTD,30.12,30.12
OLECTRA,122.16,131.59
PNB,9.11,9.11
TIMESGTY,74.64,74.64
NUCLEUS,18.96,18.96
GENESYS,70.93,70.93
DIVISLAB,94.42,94.42
MARUTI,25.9,25.9
UCOBANK,25.57,25.57
JSL,24.11,24.1
JAIBALAJI,21.39,21.39
UNIENTER,27.69,27.69
MUKANDLTD,22.53,22.53
VAIBHAVGBL,38.93,37.23
XPROINDIA,51.34,49.43
RKFORGE,46.37,46.29
CCL,35.08,35.08
LT,31.04,31.17
APARINDS,44.37,44.37
NIITLTD,54.02,54.02
GULFPETRO,14.7,14.7
INDSWFTLTD,3.1,3.1
NTPC,18.96,18.96
JBMA,93.13,93.13
XCHANGING,42.47,42.47
JSWSTEEL,47.15,45.56
JPPOWER,9.69,7.5
SAKSOFT,31.61,31.61
MANGALAM,26.33,26.33
WELCORP,22.49,22.49
PRIMESECU,28.19,30.47
GRANULES,28.68,28.68
JSWHL,71.42,71.42
YESBANK,36.45,36.45
MSPL,81.21,81.25
RML,650.15,378.35
FCSSOFT,,64.9
IMPAL,19.51,19.51
AURIONPRO,55.89,55.89
TRIVENI,28.85,28.85
NAHARINDUS,38.05,33.9
VIMTALABS,31.61,31.61
NITINSPIN,16.71,16.71
ROHLTD,19.53,19.53
GSPL,9.56,9.74
SAKUMA,16.95,16.95
KEC,61.63,61.63
JKCEMENT,38.9,44.56
INDOTECH,55.46,55.46
BLKASHYAP,29.41,31.61
CENTURYPLY,68.74,67.19
VAKRANGEE,459.72,480.3
GALLANTT,24.95,24.95
UTTAMSUGAR,11.39,11.39
KKCL,23.83,23.83
GPIL,15.41,15.42
LOKESHMACH,42.98,42.98
SWELECTES,33.12,77.71
KAMDHENU,27.63,27.63
PIONEEREMB,53.47,53.47
JKLAKSHMI,25.68,26.13
MUNJALAU,35.14,20.97
GRINDWELL,65.51,65.47
VOLTAMP,45.4,45.4
SELAN,24.78,24.78
ACE,45.74,45.74
HOVS,31.37,31.37
BINANIIND,32.27,
TALBROAUTO,19.68,28.01
FIEMIND,24.11,24.11
NAUKRI,125.02,117.77
TORNTPOWER,36.42,36.42
MANALIPETC,65.76,57.2
VENUSREM,19.44,19.44
HIRECT,89.81,74.19
TANLA,19.13,19.13
SARLAPOLY,14.01,14.01
AUTOIND,23,23.56
IZMO,20.05,20.05
PGIL,25.66,26.27
REDINGTON,13.2,13.2
TFL,99.94,99.94
SMSPHARMA,46.61,46.61
ASTRAL,88.85,88.85
NCLIND,12.67,12.67
PHOENIXLTD,40.43,40.42
BFUTILITIE,34.45,34.45
ALPHAGEO,30.97,17.89
HILTON,33.72,33.72
INSECTICID,20.85,20.85
NAVINFLUOR,67.06,81.72
NAGREEKEXP,19.06,19.06
HGS,63.5,63.5
DLF,85.8,85.8
ADSL,34.06,34.06
PURVA,131.28,131.28
NAGREEKCAP,.92,.92
POWERGRID,18.89,18.89
CCCL,.88,
MAANALU,35.79,35.79
DELTACORP,16.21,20.28
BVCL,17.2,17.2
BALAMINES,32.89,32.89
ICRA,45.34,45.34
SRHHYPOLTD,18.52,16.68
KMSUGAR,14.31,14.31
NELCAST,19.73,28.13
MEGASOFT,115.82,115.82
CENTRALBK,15.19,15.19
MOTILALOFS,16.66,16.66
CENTUM,,4317.52
BAJAJELEC,80.64,80.64
ADANIPORTS,29.73,28.33
AGRITECH,13.09,13.09
WONDERLA,34.44,34.44
SNOWMAN,107.97,107.97
GOODLUCK,23.19,23.19
GREENLAM,59.12,59.12
MANAKSTEEL,22.69,23.17
VIPULLTD,1.77,1.75
NILAINFRA,25.95,25.95
GMMPFAUDLR,40.71,40.71
HGINFRA,16.18,16.53
SUNDARMHLD,33.34,33.34
HAL,35.74,35.74
SANDHAR,25.83,26.7
LEMONTREE,54.15,54.15
CHEMFAB,114.37,114.37
INDOSTAR,41.76,41.76
GAYAHWS,,91.78
FINEORG,36.54,36.51
VARROC,16.69,16.69
HDFCAMC,43.5,43.5
CREDITACC,11.35,11.35
AAVAS,26.3,26.3
CHALET,253.36,253.36
PAKKA,32.55,32.55
PDMJEPAPER,10.9,10.9
THYROCARE,49.5,49.43
ARMANFIN,9.19,9.19
SALONA,25.6,25.6
ARIHANTSUP,28.28,28.28
SHANKARA,17.76,17.76
WIPL,55.41,55.41
SCHAND,16.05,16.05
ERIS,48.28,48.28
STEELXIND,53.04,53.04
GANGESSECU,36.48,36.48
OPTIEMUS,103.59,103.59
APEX,56.14,56.14
DIAMONDYD,55.12,55.12
IEX,41.49,41.49
NIACL,23.24,23.24
HDFCLIFE,90.21,90.21
APOLLO,67.46,67.46
DALBHARAT,43.7,38.68
